user_id,event_type,event_time,product_id,amount
U0099,checkout,2023-06-03 04:13:00,P010,
U0240,wishlist_add,2023-06-03 05:08:00,P020,0.0
U0374,profile_update,2023-06-05 06:22:00,P028,0.0
U0122,page_view,2023-06-06 03:45:00,P001,0.0
U0211,wishlist_add,2023-06-03 12:38:00,P015,0.0
U0208,login,2023-06-04 03:13:00,P018,0.0
U0327,checkout,2023-06-06 08:16:00,P006,2875.06
U0249,logout,2023-06-01 13:12:00,P005,0.0
U0098,logout,2023-06-05 17:55:00,P025,0.0
U0056,profile_update,2023-06-05 03:26:00,P026,0.0
U0063,wishlist_add,2023-06-06 08:09:00,P010,0.0
U0131,search,2023-06-02 00:29:00,P026,0.0
U0100,checkout,2023-06-02 09:02:00,P029,
U0218,add_to_cart,2023-06-03 06:23:00,P012,
U0144,add_to_cart,2023-06-05 22:38:00,P027,
U0116,profile_update,2023-06-04 23:33:00,P007,0.0
U0032,profile_update,2023-06-02 12:51:00,P008,0.0
U0341,page_view,2023-06-03 08:43:00,P025,0.0
U0033,page_view,2023-06-04 20:55:00,P004,0.0
U0317,profile_update,2023-06-04 15:52:00,P024,0.0
U0007,wishlist_add,2023-06-03 18:11:00,P014,0.0
U0070,wishlist_add,2023-06-05 12:52:00,P020,0.0
U0048,search,2023-06-02 16:28:00,P024,0.0
U0367,add_to_cart,2023-06-04 09:10:00,P003,
U0170,wishlist_add,2023-06-01 17:47:00,P015,0.0
U0262,wishlist_add,2023-06-05 14:57:00,P019,0.0
U0269,login,2023-06-05 05:24:00,P004,0.0
U0251,page_view,2023-06-06 14:23:00,P011,0.0
U0377,search,2023-06-04 22:12:00,P014,0.0
U0145,profile_update,2023-06-02 02:18:00,P003,0.0
U0312,page_view,2023-06-04 20:16:00,P020,0.0
U0249,wishlist_add,2023-06-05 22:19:00,P003,0.0
U0285,wishlist_add,2023-06-01 09:14:00,P030,0.0
U0339,add_to_cart,2023-06-05 17:29:00,P017,
U0005,page_view,2023-06-04 22:06:00,P017,0.0
U0389,login,2023-06-02 19:23:00,P024,0.0
U0180,add_to_cart,2023-06-04 06:32:00,P005,528.55
U0120,page_view,2023-06-01 19:22:00,P001,0.0
U0052,wishlist_add,2023-06-05 16:32:00,P013,0.0
U0192,page_view,2023-06-04 09:06:00,P019,0.0
U0190,checkout,2023-06-03 00:09:00,P024,939.67
U0317,add_to_cart,2023-06-03 18:59:00,P006,933.2
U0327,profile_update,2023-06-05 13:03:00,P001,0.0
U0325,wishlist_add,2023-06-02 10:06:00,P008,0.0
U0343,page_view,2023-06-05 02:39:00,P022,0.0
U0158,search,2023-06-02 22:33:00,P021,0.0
U0225,login,2023-06-02 17:39:00,P011,0.0
U0017,logout,2023-06-06 09:57:00,P014,0.0
U0232,checkout,2023-06-01 10:04:00,P025,1708.83
U0057,wishlist_add,2023-06-02 13:53:00,P021,0.0
U0271,page_view,2023-06-05 18:46:00,P030,0.0
U0349,profile_update,2023-06-05 01:17:00,P004,0.0
U0188,search,2023-06-05 13:08:00,P011,0.0
U0334,logout,2023-06-04 16:28:00,P002,0.0
U0297,checkout,2023-06-05 19:54:00,P023,
U0013,profile_update,2023-06-06 16:24:00,P024,0.0
U0331,page_view,2023-06-02 01:40:00,P012,0.0
U0337,page_view,2023-06-05 15:46:00,P025,0.0
U0015,login,2023-06-06 17:49:00,P017,0.0
U0383,search,2023-06-02 11:40:00,P006,0.0
U0279,search,2023-06-06 18:02:00,P009,0.0
U0206,login,2023-06-05 17:05:00,P026,0.0
U0019,login,2023-06-05 04:22:00,P024,0.0
U0312,logout,2023-06-03 13:22:00,P020,0.0
U0186,page_view,2023-06-05 14:03:00,P012,0.0
U0313,add_to_cart,2023-06-04 10:50:00,P001,921.94
U0252,page_view,2023-06-03 20:24:00,P019,0.0
U0337,logout,2023-06-03 22:44:00,P012,0.0
U0307,checkout,2023-06-04 03:49:00,P023,
U0180,wishlist_add,2023-06-05 18:48:00,P006,0.0
U0024,search,2023-06-03 02:08:00,P026,0.0
U0251,profile_update,2023-06-03 22:57:00,P024,0.0
U0234,login,2023-06-02 05:17:00,P017,0.0
U0178,search,2023-06-04 13:58:00,P018,0.0
U0093,login,2023-06-05 14:12:00,P004,0.0
U0095,login,2023-06-02 01:05:00,P019,0.0
U0031,checkout,2023-06-01 12:59:00,P004,
U0332,search,2023-06-04 05:40:00,P019,0.0
U0309,add_to_cart,2023-06-01 23:07:00,P006,769.71
U0221,profile_update,2023-06-04 18:38:00,P021,0.0
U0110,login,2023-06-06 00:38:00,P014,0.0
U0186,login,2023-06-02 13:48:00,P001,0.0
U0328,add_to_cart,2023-06-02 04:16:00,P013,2858.78
U0024,logout,2023-06-06 05:13:00,P006,0.0
U0170,profile_update,2023-06-04 07:40:00,P020,0.0
U0262,login,2023-06-04 23:49:00,P011,0.0
U0129,logout,2023-06-04 01:12:00,P015,0.0
U0291,login,2023-06-06 13:37:00,P005,0.0
U0390,checkout,2023-06-05 21:01:00,P030,
U0036,profile_update,2023-06-05 14:12:00,P002,0.0
U0344,page_view,2023-06-04 19:04:00,P002,0.0
U0240,search,2023-06-02 07:19:00,P009,0.0
U0328,page_view,2023-06-06 04:31:00,P016,0.0
U0328,login,2023-06-02 08:36:00,P025,0.0
U0050,wishlist_add,2023-06-05 00:31:00,P015,0.0
U0240,search,2023-06-03 02:46:00,P016,0.0
U0047,search,2023-06-06 09:35:00,P006,0.0
U0134,wishlist_add,2023-06-03 07:45:00,P023,0.0
U0204,page_view,2023-06-05 16:25:00,P017,0.0
U0139,page_view,2023-06-03 15:44:00,P024,0.0
U0042,login,2023-06-06 02:39:00,P012,0.0
U0129,wishlist_add,2023-06-03 06:40:00,P020,0.0
U0050,login,2023-06-06 08:27:00,P007,0.0
U0114,checkout,2023-06-01 13:44:00,P003,
U0091,wishlist_add,2023-06-06 05:08:00,P019,0.0
U0120,search,2023-06-03 03:48:00,P028,0.0
U0079,search,2023-06-02 03:02:00,P012,0.0
U0264,profile_update,2023-06-05 06:13:00,P025,0.0
U0333,profile_update,2023-06-05 21:17:00,P005,0.0
U0304,page_view,2023-06-03 22:03:00,P012,0.0
U0012,profile_update,2023-06-05 12:24:00,P006,0.0
U0014,login,2023-06-05 03:26:00,P014,0.0
U0354,checkout,2023-06-02 00:34:00,P024,2226.0
U0369,logout,2023-06-01 19:38:00,P025,0.0
U0168,logout,2023-06-02 03:27:00,P018,0.0
U0173,add_to_cart,2023-06-05 13:09:00,P001,
U0385,profile_update,2023-06-03 08:32:00,P024,0.0
U0158,wishlist_add,2023-06-06 19:14:00,P012,0.0
U0143,login,2023-06-04 13:00:00,P024,0.0
U0282,wishlist_add,2023-06-04 07:12:00,P023,0.0
U0294,search,2023-06-06 12:40:00,P015,0.0
U0087,login,2023-06-06 18:18:00,P018,0.0
U0269,wishlist_add,2023-06-02 21:08:00,P007,0.0
U0252,add_to_cart,2023-06-04 15:37:00,P022,
U0091,login,2023-06-03 22:12:00,P008,0.0
U0244,checkout,2023-06-04 07:07:00,P029,705.22
U0053,profile_update,2023-06-03 00:30:00,P016,0.0
U0154,search,2023-06-04 03:00:00,P002,0.0
U0298,logout,2023-06-03 21:11:00,P023,0.0
U0339,profile_update,2023-06-01 21:10:00,P023,0.0
U0335,add_to_cart,2023-06-04 16:48:00,P017,1770.04
U0274,profile_update,2023-06-01 11:37:00,P029,0.0
U0105,login,2023-06-03 04:34:00,P017,0.0
U0207,search,2023-06-06 15:26:00,P030,0.0
U0151,checkout,2023-06-03 00:48:00,P007,
U0051,logout,2023-06-06 01:14:00,P028,0.0
U0331,add_to_cart,2023-06-02 14:27:00,P006,
U0084,add_to_cart,2023-06-02 17:59:00,P028,792.66
U0094,wishlist_add,2023-06-05 22:52:00,P010,0.0
U0249,search,2023-06-05 21:29:00,P020,0.0
U0109,search,2023-06-05 00:09:00,P025,0.0
U0059,search,2023-06-04 19:20:00,P017,0.0
U0208,wishlist_add,2023-06-06 04:14:00,P015,0.0
U0290,logout,2023-06-01 23:53:00,P016,0.0
U0228,wishlist_add,2023-06-02 00:20:00,P003,0.0
U0208,add_to_cart,2023-06-04 16:19:00,P017,562.54
U0213,wishlist_add,2023-06-03 21:10:00,P004,0.0
U0307,page_view,2023-06-03 13:54:00,P002,0.0
U0235,add_to_cart,2023-06-03 03:39:00,P008,1759.89
U0318,logout,2023-06-03 10:23:00,P001,0.0
U0113,wishlist_add,2023-06-06 03:51:00,P010,0.0
U0209,profile_update,2023-06-05 12:01:00,P028,0.0
U0137,add_to_cart,2023-06-03 00:53:00,P002,
U0205,login,2023-06-05 08:30:00,P005,0.0
U0019,login,2023-06-03 08:35:00,P023,0.0
U0117,add_to_cart,2023-06-05 20:00:00,P005,
U0163,profile_update,2023-06-03 17:32:00,P016,0.0
U0123,search,2023-06-01 21:18:00,P006,0.0
U0002,page_view,2023-06-01 17:43:00,P010,0.0
U0249,search,2023-06-02 20:04:00,P020,0.0
U0324,page_view,2023-06-02 04:12:00,P011,0.0
U0056,page_view,2023-06-06 10:22:00,P029,0.0
U0056,checkout,2023-06-01 16:07:00,P019,
U0359,add_to_cart,2023-06-01 18:01:00,P023,
U0371,login,2023-06-05 06:51:00,P030,0.0
U0021,profile_update,2023-06-06 10:42:00,P006,0.0
U0032,page_view,2023-06-06 15:36:00,P010,0.0
U0239,profile_update,2023-06-05 00:41:00,P027,0.0
U0312,login,2023-06-03 07:08:00,P019,0.0
U0257,logout,2023-06-06 17:28:00,P003,0.0
U0255,login,2023-06-04 04:29:00,P028,0.0
U0343,logout,2023-06-05 22:19:00,P015,0.0
U0032,profile_update,2023-06-06 11:09:00,P003,0.0
U0078,search,2023-06-05 20:13:00,P018,0.0
U0163,page_view,2023-06-06 12:58:00,P013,0.0
U0134,profile_update,2023-06-03 07:13:00,P024,0.0
U0224,profile_update,2023-06-05 20:37:00,P012,0.0
U0192,add_to_cart,2023-06-04 16:11:00,P010,2433.51
U0255,search,2023-06-02 01:54:00,P018,0.0
U0017,search,2023-06-04 21:00:00,P019,0.0
U0355,profile_update,2023-06-03 21:04:00,P020,0.0
U0183,wishlist_add,2023-06-05 17:47:00,P029,0.0
U0265,profile_update,2023-06-03 20:25:00,P015,0.0
U0097,page_view,2023-06-01 20:57:00,P024,0.0
U0391,logout,2023-06-04 19:24:00,P014,0.0
U0109,page_view,2023-06-05 02:24:00,P022,0.0
U0300,page_view,2023-06-01 19:08:00,P005,0.0
U0018,login,2023-06-03 21:23:00,P020,0.0
U0192,login,2023-06-06 16:51:00,P029,0.0
U0159,wishlist_add,2023-06-03 08:35:00,P007,0.0
U0307,login,2023-06-06 06:35:00,P002,0.0
U0173,wishlist_add,2023-06-02 20:59:00,P017,0.0
U0055,checkout,2023-06-02 10:27:00,P022,
U0301,profile_update,2023-06-05 05:46:00,P010,0.0
U0058,page_view,2023-06-04 22:52:00,P013,0.0
U0104,wishlist_add,2023-06-01 15:36:00,P027,0.0
U0038,page_view,2023-06-01 08:22:00,P020,0.0
U0181,search,2023-06-04 08:20:00,P022,0.0
U0312,logout,2023-06-02 16:51:00,P022,0.0
U0130,profile_update,2023-06-03 14:10:00,P021,0.0
U0135,logout,2023-06-01 22:04:00,P012,0.0
U0329,search,2023-06-05 17:57:00,P003,0.0
U0316,search,2023-06-06 13:24:00,P020,0.0
U0273,add_to_cart,2023-06-03 05:48:00,P028,639.27
U0217,search,2023-06-06 02:29:00,P017,0.0
U0236,page_view,2023-06-04 21:35:00,P019,0.0
U0250,login,2023-06-03 23:25:00,P021,0.0
U0093,page_view,2023-06-02 07:29:00,P014,0.0
U0173,search,2023-06-01 23:33:00,P006,0.0
U0038,wishlist_add,2023-06-03 04:44:00,P015,0.0
U0388,page_view,2023-06-05 07:02:00,P024,0.0
U0262,login,2023-06-02 17:54:00,P021,0.0
U0037,search,2023-06-04 21:20:00,P007,0.0
U0158,logout,2023-06-05 05:03:00,P015,0.0
U0392,logout,2023-06-02 15:49:00,P001,0.0
U0117,login,2023-06-04 18:27:00,P013,0.0
U0017,add_to_cart,2023-06-05 10:50:00,P015,1364.06
U0039,profile_update,2023-06-04 06:01:00,P027,0.0
U0377,login,2023-06-04 19:29:00,P009,0.0
U0082,profile_update,2023-06-05 20:57:00,P016,0.0
U0119,login,2023-06-01 21:21:00,P010,0.0
U0250,checkout,2023-06-02 17:46:00,P001,2327.37
U0086,checkout,2023-06-05 23:13:00,P026,615.95
U0139,add_to_cart,2023-06-02 12:08:00,P026,
U0068,login,2023-06-06 16:23:00,P027,0.0
U0042,add_to_cart,2023-06-02 17:35:00,P015,
U0011,add_to_cart,2023-06-05 22:42:00,P030,2176.33
U0081,login,2023-06-03 23:27:00,P027,0.0
U0201,profile_update,2023-06-04 17:31:00,P005,0.0
U0133,logout,2023-06-05 05:45:00,P028,0.0
U0016,search,2023-06-04 20:28:00,P007,0.0
U0188,search,2023-06-01 10:52:00,P029,0.0
U0184,profile_update,2023-06-04 06:48:00,P017,0.0
U0340,login,2023-06-04 05:22:00,P016,0.0
U0353,page_view,2023-06-05 05:31:00,P008,0.0
U0229,search,2023-06-02 00:45:00,P010,0.0
U0046,logout,2023-06-03 20:07:00,P013,0.0
U0320,checkout,2023-06-06 16:41:00,P020,
U0279,wishlist_add,2023-06-04 16:45:00,P009,0.0
U0039,logout,2023-06-03 12:13:00,P005,0.0
U0119,logout,2023-06-03 16:25:00,P012,0.0
U0035,logout,2023-06-02 17:22:00,P029,0.0
U0242,wishlist_add,2023-06-05 06:13:00,P027,0.0
U0153,login,2023-06-04 09:00:00,P002,0.0
U0257,logout,2023-06-02 17:37:00,P029,0.0
U0304,profile_update,2023-06-05 23:22:00,P016,0.0
U0012,add_to_cart,2023-06-03 21:23:00,P024,
U0144,page_view,2023-06-04 09:45:00,P025,0.0
U0324,page_view,2023-06-03 15:31:00,P007,0.0
U0021,checkout,2023-06-02 07:05:00,P013,1763.65
U0233,logout,2023-06-05 01:58:00,P024,0.0
U0252,add_to_cart,2023-06-03 05:08:00,P019,
U0188,search,2023-06-03 16:33:00,P021,0.0
U0215,checkout,2023-06-03 15:36:00,P002,2811.96
U0340,profile_update,2023-06-06 06:25:00,P010,0.0
U0353,profile_update,2023-06-05 13:30:00,P011,0.0
U0027,wishlist_add,2023-06-05 05:31:00,P009,0.0
U0191,checkout,2023-06-04 02:52:00,P010,948.41
U0156,checkout,2023-06-01 13:41:00,P002,2560.3
U0275,add_to_cart,2023-06-06 11:43:00,P030,1887.99
U0245,wishlist_add,2023-06-05 18:01:00,P009,0.0
U0304,add_to_cart,2023-06-06 18:37:00,P016,2878.34
U0294,checkout,2023-06-06 05:26:00,P011,
U0350,checkout,2023-06-03 23:05:00,P015,
U0068,login,2023-06-04 04:12:00,P006,0.0
U0161,login,2023-06-03 04:36:00,P014,0.0
U0131,page_view,2023-06-02 05:22:00,P026,0.0
U0227,page_view,2023-06-02 06:17:00,P003,0.0
U0045,logout,2023-06-04 18:29:00,P007,0.0
U0243,checkout,2023-06-02 11:22:00,P022,
U0370,wishlist_add,2023-06-01 16:44:00,P026,0.0
U0389,profile_update,2023-06-06 16:34:00,P015,0.0
U0095,profile_update,2023-06-03 21:09:00,P005,0.0
U0111,page_view,2023-06-06 01:21:00,P001,0.0
U0389,checkout,2023-06-04 12:50:00,P011,
U0235,search,2023-06-03 12:09:00,P018,0.0
U0037,add_to_cart,2023-06-06 14:04:00,P020,
U0136,logout,2023-06-02 14:59:00,P018,0.0
U0230,page_view,2023-06-02 08:35:00,P010,0.0
U0012,wishlist_add,2023-06-06 11:41:00,P005,0.0
U0172,wishlist_add,2023-06-05 04:21:00,P024,0.0
U0382,login,2023-06-05 02:13:00,P022,0.0
U0065,add_to_cart,2023-06-02 16:17:00,P008,2632.22
U0282,search,2023-06-03 11:48:00,P028,0.0
U0255,page_view,2023-06-05 05:42:00,P026,0.0
U0245,checkout,2023-06-04 14:16:00,P009,2223.09
U0390,login,2023-06-01 08:21:00,P020,0.0
U0029,profile_update,2023-06-02 13:05:00,P003,0.0
U0001,wishlist_add,2023-06-05 01:45:00,P028,0.0
U0089,search,2023-06-03 09:40:00,P026,0.0
U0230,checkout,2023-06-04 01:25:00,P015,1204.39
U0339,login,2023-06-04 04:41:00,P012,0.0
U0262,login,2023-06-05 13:12:00,P005,0.0
U0265,add_to_cart,2023-06-04 15:59:00,P012,2530.51
U0191,profile_update,2023-06-03 09:27:00,P005,0.0
U0241,checkout,2023-06-02 20:12:00,P010,
U0293,wishlist_add,2023-06-05 07:53:00,P019,0.0
U0062,search,2023-06-05 21:06:00,P022,0.0
U0045,wishlist_add,2023-06-04 00:08:00,P014,0.0
U0120,add_to_cart,2023-06-06 18:27:00,P007,1781.07
U0362,checkout,2023-06-03 15:26:00,P012,
U0040,login,2023-06-02 19:46:00,P017,0.0
U0242,profile_update,2023-06-06 03:10:00,P022,0.0
U0366,add_to_cart,2023-06-06 01:45:00,P029,
U0027,logout,2023-06-03 12:04:00,P003,0.0
U0350,add_to_cart,2023-06-03 07:28:00,P002,
U0073,wishlist_add,2023-06-04 08:34:00,P026,0.0
U0039,search,2023-06-05 16:48:00,P003,0.0
U0329,profile_update,2023-06-04 08:06:00,P028,0.0
U0208,wishlist_add,2023-06-04 22:00:00,P011,0.0
U0272,logout,2023-06-06 02:37:00,P006,0.0
U0262,checkout,2023-06-05 20:01:00,P025,
U0285,login,2023-06-05 14:27:00,P014,0.0
U0146,login,2023-06-02 20:17:00,P010,0.0
U0266,login,2023-06-01 11:23:00,P005,0.0
U0324,profile_update,2023-06-03 07:55:00,P020,0.0
U0036,login,2023-06-04 19:06:00,P026,0.0
U0243,profile_update,2023-06-06 07:05:00,P020,0.0
U0241,logout,2023-06-05 04:18:00,P004,0.0
U0227,login,2023-06-06 01:25:00,P024,0.0
U0398,checkout,2023-06-05 01:14:00,P017,1613.16
U0377,add_to_cart,2023-06-06 17:11:00,P027,1028.03
U0346,login,2023-06-04 11:29:00,P017,0.0
U0388,checkout,2023-06-02 20:05:00,P009,
U0129,checkout,2023-06-02 17:38:00,P010,
U0147,search,2023-06-03 02:25:00,P022,0.0
U0010,login,2023-06-03 12:54:00,P009,0.0
U0156,add_to_cart,2023-06-06 15:48:00,P027,2267.56
U0100,login,2023-06-06 02:04:00,P028,0.0
U0083,add_to_cart,2023-06-05 10:36:00,P023,
U0122,profile_update,2023-06-05 08:35:00,P027,0.0
U0146,login,2023-06-06 12:14:00,P029,0.0
U0358,page_view,2023-06-03 16:20:00,P012,0.0
U0126,add_to_cart,2023-06-06 13:26:00,P001,2408.78
U0374,add_to_cart,2023-06-04 01:16:00,P014,1410.06
U0317,search,2023-06-04 07:52:00,P029,0.0
U0352,login,2023-06-02 21:35:00,P009,0.0
U0024,logout,2023-06-04 03:46:00,P011,0.0
U0252,login,2023-06-03 19:23:00,P016,0.0
U0059,page_view,2023-06-03 23:11:00,P025,0.0
U0083,wishlist_add,2023-06-06 19:07:00,P002,0.0
U0312,login,2023-06-04 07:40:00,P022,0.0
U0332,wishlist_add,2023-06-06 15:39:00,P006,0.0
U0147,search,2023-06-03 21:59:00,P007,0.0
U0285,search,2023-06-02 07:29:00,P021,0.0
U0122,wishlist_add,2023-06-01 20:46:00,P025,0.0
U0256,login,2023-06-02 01:41:00,P013,0.0
U0165,checkout,2023-06-05 05:01:00,P008,
U0345,wishlist_add,2023-06-03 07:15:00,P001,0.0
U0159,profile_update,2023-06-05 10:10:00,P027,0.0
U0150,wishlist_add,2023-06-03 05:19:00,P010,0.0
U0328,logout,2023-06-01 14:56:00,P012,0.0
U0262,page_view,2023-06-04 18:16:00,P004,0.0
U0138,checkout,2023-06-04 04:33:00,P010,330.57
U0012,login,2023-06-01 12:21:00,P020,0.0
U0380,checkout,2023-06-02 17:49:00,P021,
U0161,profile_update,2023-06-03 22:00:00,P002,0.0
U0093,add_to_cart,2023-06-02 23:44:00,P019,
U0200,logout,2023-06-04 06:28:00,P022,0.0
U0299,search,2023-06-03 15:32:00,P005,0.0
U0356,search,2023-06-03 21:55:00,P028,0.0
U0166,add_to_cart,2023-06-02 20:46:00,P008,
U0141,checkout,2023-06-05 11:32:00,P010,1952.09
U0097,search,2023-06-02 12:42:00,P014,0.0
U0345,profile_update,2023-06-06 02:48:00,P019,0.0
U0010,profile_update,2023-06-01 14:13:00,P011,0.0
U0241,page_view,2023-06-04 14:46:00,P014,0.0
U0331,search,2023-06-06 19:37:00,P028,0.0
U0397,wishlist_add,2023-06-06 02:18:00,P024,0.0
U0350,wishlist_add,2023-06-03 03:00:00,P019,0.0
U0296,add_to_cart,2023-06-05 05:20:00,P028,
U0035,profile_update,2023-06-06 18:55:00,P020,0.0
U0336,profile_update,2023-06-04 03:33:00,P018,0.0
U0219,checkout,2023-06-04 23:13:00,P011,808.5
U0355,add_to_cart,2023-06-03 07:31:00,P021,1704.58
U0288,profile_update,2023-06-06 05:11:00,P009,0.0
U0204,search,2023-06-06 17:03:00,P021,0.0
U0276,checkout,2023-06-04 16:19:00,P012,
U0224,profile_update,2023-06-04 15:12:00,P007,0.0
U0216,logout,2023-06-02 04:09:00,P004,0.0
U0323,login,2023-06-04 09:02:00,P029,0.0
U0271,wishlist_add,2023-06-03 15:46:00,P026,0.0
U0082,search,2023-06-06 02:15:00,P027,0.0
U0309,wishlist_add,2023-06-03 11:40:00,P028,0.0
U0231,wishlist_add,2023-06-06 07:03:00,P013,0.0
U0222,profile_update,2023-06-03 09:25:00,P007,0.0
U0019,wishlist_add,2023-06-03 05:20:00,P013,0.0
U0113,page_view,2023-06-06 08:21:00,P003,0.0
U0189,checkout,2023-06-06 18:07:00,P009,
U0211,login,2023-06-04 10:53:00,P007,0.0
U0146,search,2023-06-02 22:16:00,P023,0.0
U0230,add_to_cart,2023-06-03 23:52:00,P021,166.11
U0391,add_to_cart,2023-06-02 08:07:00,P030,379.89
U0214,logout,2023-06-01 22:37:00,P028,0.0
U0393,profile_update,2023-06-01 20:11:00,P003,0.0
U0307,wishlist_add,2023-06-05 14:10:00,P013,0.0
U0161,logout,2023-06-05 05:27:00,P026,0.0
U0345,profile_update,2023-06-05 20:44:00,P004,0.0
U0203,checkout,2023-06-06 15:23:00,P020,239.81
U0094,checkout,2023-06-04 18:44:00,P004,
U0262,page_view,2023-06-03 07:33:00,P027,0.0
U0120,add_to_cart,2023-06-03 02:18:00,P020,
U0337,profile_update,2023-06-01 23:30:00,P013,0.0
U0336,login,2023-06-02 16:42:00,P027,0.0
U0089,search,2023-06-03 00:30:00,P009,0.0
U0038,search,2023-06-03 04:45:00,P008,0.0
U0395,search,2023-06-05 05:49:00,P026,0.0
U0200,search,2023-06-05 01:24:00,P017,0.0
U0065,profile_update,2023-06-03 16:06:00,P020,0.0
U0315,login,2023-06-04 07:04:00,P030,0.0
U0152,login,2023-06-05 22:06:00,P022,0.0
U0264,profile_update,2023-06-03 15:07:00,P008,0.0
U0272,wishlist_add,2023-06-04 17:53:00,P020,0.0
U0067,page_view,2023-06-02 02:43:00,P029,0.0
U0190,wishlist_add,2023-06-03 12:30:00,P018,0.0
U0210,wishlist_add,2023-06-01 16:17:00,P016,0.0
U0140,profile_update,2023-06-02 21:15:00,P028,0.0
U0304,logout,2023-06-02 04:11:00,P020,0.0
U0361,add_to_cart,2023-06-02 20:48:00,P007,
U0084,search,2023-06-02 07:51:00,P027,0.0
U0065,checkout,2023-06-04 16:41:00,P029,
U0190,checkout,2023-06-01 11:16:00,P014,2246.64
U0034,checkout,2023-06-02 13:58:00,P008,1826.62
U0077,checkout,2023-06-01 19:29:00,P011,
U0353,add_to_cart,2023-06-02 08:31:00,P016,2509.99
U0106,page_view,2023-06-05 17:41:00,P004,0.0
U0073,profile_update,2023-06-06 13:49:00,P024,0.0
U0224,wishlist_add,2023-06-05 16:32:00,P017,0.0
U0222,logout,2023-06-01 16:16:00,P007,0.0
U0139,search,2023-06-03 23:04:00,P011,0.0
U0321,login,2023-06-02 13:24:00,P018,0.0
U0107,logout,2023-06-01 20:17:00,P011,0.0
U0263,checkout,2023-06-04 12:52:00,P017,
U0245,logout,2023-06-05 02:53:00,P030,0.0
U0313,search,2023-06-03 11:33:00,P027,0.0
U0160,login,2023-06-04 17:04:00,P018,0.0
U0051,login,2023-06-05 16:06:00,P009,0.0
U0312,add_to_cart,2023-06-04 06:34:00,P017,
U0112,checkout,2023-06-04 23:15:00,P004,
U0398,wishlist_add,2023-06-03 16:55:00,P018,0.0
U0018,wishlist_add,2023-06-05 00:43:00,P022,0.0
U0117,login,2023-06-05 17:22:00,P014,0.0
U0216,wishlist_add,2023-06-03 12:32:00,P018,0.0
U0228,logout,2023-06-06 17:19:00,P008,0.0
U0339,checkout,2023-06-05 11:08:00,P024,
U0016,checkout,2023-06-02 20:24:00,P005,
U0167,login,2023-06-06 06:38:00,P002,0.0
U0112,logout,2023-06-03 09:45:00,P007,0.0
U0135,profile_update,2023-06-01 15:59:00,P009,0.0
U0352,search,2023-06-05 12:10:00,P020,0.0
U0006,checkout,2023-06-04 05:23:00,P002,2643.34
U0304,profile_update,2023-06-01 17:09:00,P016,0.0
U0217,wishlist_add,2023-06-04 01:47:00,P001,0.0
U0299,checkout,2023-06-05 04:01:00,P001,
U0014,profile_update,2023-06-01 08:01:00,P012,0.0
U0336,wishlist_add,2023-06-03 22:22:00,P022,0.0
U0067,page_view,2023-06-03 23:10:00,P008,0.0
U0386,profile_update,2023-06-04 01:30:00,P029,0.0
U0293,wishlist_add,2023-06-04 15:47:00,P022,0.0
U0048,wishlist_add,2023-06-02 09:24:00,P027,0.0
U0107,wishlist_add,2023-06-04 18:53:00,P018,0.0
U0383,add_to_cart,2023-06-06 02:41:00,P029,
U0080,wishlist_add,2023-06-01 18:33:00,P020,0.0
U0287,profile_update,2023-06-05 21:36:00,P028,0.0
U0399,checkout,2023-06-05 06:59:00,P003,2540.19
U0048,login,2023-06-02 13:53:00,P018,0.0
U0053,search,2023-06-03 18:50:00,P010,0.0
U0181,checkout,2023-06-06 10:20:00,P020,352.05
U0263,search,2023-06-04 02:29:00,P024,0.0
U0257,login,2023-06-03 03:30:00,P020,0.0
U0004,search,2023-06-05 00:19:00,P011,0.0
U0233,page_view,2023-06-06 19:03:00,P023,0.0
U0174,wishlist_add,2023-06-01 08:10:00,P026,0.0
U0144,page_view,2023-06-05 23:29:00,P004,0.0
U0369,login,2023-06-05 04:23:00,P029,0.0
U0091,search,2023-06-02 03:08:00,P010,0.0
U0298,wishlist_add,2023-06-02 10:00:00,P026,0.0
U0089,profile_update,2023-06-03 05:56:00,P009,0.0
U0170,search,2023-06-04 00:21:00,P006,0.0
U0050,login,2023-06-06 06:59:00,P006,0.0
U0170,login,2023-06-02 21:44:00,P022,0.0
U0048,wishlist_add,2023-06-02 10:44:00,P023,0.0
U0200,wishlist_add,2023-06-05 00:44:00,P013,0.0
U0079,page_view,2023-06-06 11:30:00,P004,0.0
U0210,login,2023-06-03 22:06:00,P006,0.0
U0214,add_to_cart,2023-06-06 19:57:00,P005,
U0226,profile_update,2023-06-04 01:04:00,P025,0.0
U0241,logout,2023-06-03 11:54:00,P007,0.0
U0049,wishlist_add,2023-06-03 17:32:00,P023,0.0
U0379,login,2023-06-04 05:33:00,P024,0.0
U0111,checkout,2023-06-03 06:33:00,P017,
U0015,search,2023-06-02 13:44:00,P027,0.0
U0121,page_view,2023-06-05 06:54:00,P020,0.0
U0376,login,2023-06-03 06:38:00,P023,0.0
U0310,login,2023-06-04 07:59:00,P003,0.0
U0143,wishlist_add,2023-06-04 21:19:00,P022,0.0
U0088,add_to_cart,2023-06-01 15:06:00,P015,2923.74
U0119,logout,2023-06-03 16:46:00,P027,0.0
U0135,checkout,2023-06-01 11:21:00,P003,
U0196,logout,2023-06-03 10:55:00,P030,0.0
U0024,wishlist_add,2023-06-05 17:47:00,P005,0.0
U0113,wishlist_add,2023-06-02 23:42:00,P002,0.0
U0124,add_to_cart,2023-06-04 07:57:00,P001,
U0330,profile_update,2023-06-02 23:06:00,P018,0.0
U0037,add_to_cart,2023-06-03 18:04:00,P007,
U0244,checkout,2023-06-03 17:47:00,P026,
U0069,wishlist_add,2023-06-02 14:59:00,P026,0.0
U0381,wishlist_add,2023-06-04 07:35:00,P028,0.0
U0207,wishlist_add,2023-06-06 13:26:00,P004,0.0
U0210,wishlist_add,2023-06-02 21:21:00,P017,0.0
U0352,search,2023-06-06 09:05:00,P015,0.0
U0247,profile_update,2023-06-05 14:10:00,P021,0.0
U0329,checkout,2023-06-03 14:53:00,P008,1279.39
U0030,login,2023-06-01 19:10:00,P030,0.0
U0243,profile_update,2023-06-06 05:05:00,P008,0.0
U0227,logout,2023-06-03 08:04:00,P012,0.0
U0157,page_view,2023-06-02 08:59:00,P024,0.0
U0348,search,2023-06-01 21:35:00,P010,0.0
U0170,logout,2023-06-02 15:13:00,P027,0.0
U0309,search,2023-06-01 20:00:00,P014,0.0
U0017,logout,2023-06-05 16:47:00,P004,0.0
U0065,logout,2023-06-03 01:08:00,P002,0.0
U0238,page_view,2023-06-05 23:41:00,P019,0.0
U0304,add_to_cart,2023-06-04 15:58:00,P011,299.68
U0080,login,2023-06-01 18:34:00,P007,0.0
U0277,wishlist_add,2023-06-04 20:50:00,P004,0.0
U0192,add_to_cart,2023-06-03 11:31:00,P003,
U0137,checkout,2023-06-02 12:44:00,P003,588.95
U0054,logout,2023-06-05 21:57:00,P021,0.0
U0246,login,2023-06-02 21:54:00,P007,0.0
U0357,login,2023-06-06 02:21:00,P022,0.0
U0114,page_view,2023-06-03 21:11:00,P005,0.0
U0394,login,2023-06-04 16:25:00,P020,0.0
U0082,logout,2023-06-06 18:47:00,P025,0.0
U0275,wishlist_add,2023-06-03 14:10:00,P018,0.0
U0286,add_to_cart,2023-06-01 18:45:00,P013,2409.06
U0018,add_to_cart,2023-06-01 22:38:00,P025,459.27
U0355,page_view,2023-06-05 03:35:00,P019,0.0
U0139,add_to_cart,2023-06-03 15:46:00,P019,
U0231,add_to_cart,2023-06-03 17:49:00,P029,1873.78
U0363,login,2023-06-06 09:17:00,P007,0.0
U0320,profile_update,2023-06-04 11:37:00,P028,0.0
U0268,profile_update,2023-06-06 17:13:00,P013,0.0
U0024,profile_update,2023-06-03 05:15:00,P002,0.0
U0232,checkout,2023-06-06 04:15:00,P012,867.43
U0134,profile_update,2023-06-04 02:54:00,P016,0.0
U0046,login,2023-06-06 18:01:00,P029,0.0
U0153,checkout,2023-06-02 23:19:00,P024,2731.71
U0044,wishlist_add,2023-06-06 09:55:00,P023,0.0
U0099,login,2023-06-04 21:26:00,P010,0.0
U0250,search,2023-06-04 08:30:00,P012,0.0
U0030,page_view,2023-06-06 09:21:00,P003,0.0
U0041,add_to_cart,2023-06-02 22:24:00,P030,1265.32
U0051,profile_update,2023-06-06 02:51:00,P024,0.0
U0261,wishlist_add,2023-06-06 11:00:00,P001,0.0
U0279,add_to_cart,2023-06-04 16:20:00,P013,
U0240,profile_update,2023-06-02 02:06:00,P017,0.0
U0206,login,2023-06-03 22:25:00,P013,0.0
U0259,logout,2023-06-01 12:12:00,P025,0.0
U0254,page_view,2023-06-04 09:02:00,P011,0.0
U0335,checkout,2023-06-04 16:17:00,P030,
U0396,profile_update,2023-06-02 12:59:00,P002,0.0
U0344,add_to_cart,2023-06-06 12:16:00,P001,
U0137,wishlist_add,2023-06-05 11:09:00,P030,0.0
U0057,wishlist_add,2023-06-04 20:57:00,P019,0.0
U0189,checkout,2023-06-06 14:36:00,P003,772.44
U0248,checkout,2023-06-06 14:33:00,P004,2808.33
U0077,add_to_cart,2023-06-04 11:47:00,P019,
U0212,add_to_cart,2023-06-01 14:56:00,P028,2994.64
U0337,login,2023-06-02 18:43:00,P027,0.0
U0212,search,2023-06-03 16:01:00,P026,0.0
U0386,wishlist_add,2023-06-03 19:34:00,P015,0.0
U0128,page_view,2023-06-01 18:53:00,P021,0.0
U0302,wishlist_add,2023-06-03 09:24:00,P030,0.0
U0038,profile_update,2023-06-01 12:16:00,P021,0.0
U0103,page_view,2023-06-06 02:39:00,P001,0.0
U0074,page_view,2023-06-01 19:32:00,P002,0.0
U0085,checkout,2023-06-03 09:23:00,P008,
U0377,page_view,2023-06-06 13:06:00,P029,0.0
U0183,page_view,2023-06-02 02:42:00,P018,0.0
U0016,page_view,2023-06-04 18:20:00,P020,0.0
U0341,logout,2023-06-06 11:49:00,P022,0.0
U0333,logout,2023-06-01 21:00:00,P013,0.0
U0367,login,2023-06-05 06:11:00,P006,0.0
U0069,add_to_cart,2023-06-06 09:45:00,P017,
U0253,checkout,2023-06-06 19:33:00,P025,2271.79
U0033,page_view,2023-06-04 12:13:00,P012,0.0
U0290,checkout,2023-06-04 19:58:00,P021,
U0300,search,2023-06-02 01:50:00,P012,0.0
U0124,search,2023-06-01 11:03:00,P016,0.0
U0206,add_to_cart,2023-06-05 05:27:00,P016,
U0043,search,2023-06-05 10:51:00,P002,0.0
U0028,login,2023-06-05 23:16:00,P001,0.0
U0143,checkout,2023-06-01 23:07:00,P004,
U0234,search,2023-06-05 16:08:00,P003,0.0
U0061,logout,2023-06-01 12:20:00,P001,0.0
U0188,logout,2023-06-01 11:58:00,P017,0.0
U0204,login,2023-06-02 02:59:00,P023,0.0
U0320,login,2023-06-04 03:14:00,P016,0.0
U0381,add_to_cart,2023-06-02 20:38:00,P013,
U0374,search,2023-06-02 17:12:00,P007,0.0
U0114,logout,2023-06-03 00:37:00,P001,0.0
U0166,checkout,2023-06-04 02:50:00,P017,
U0144,checkout,2023-06-04 05:41:00,P019,1859.75
U0183,logout,2023-06-03 16:20:00,P016,0.0
U0374,profile_update,2023-06-02 15:49:00,P017,0.0
U0173,profile_update,2023-06-03 12:48:00,P009,0.0
U0127,wishlist_add,2023-06-04 01:36:00,P020,0.0
U0291,add_to_cart,2023-06-04 00:12:00,P016,865.82
U0268,search,2023-06-02 19:55:00,P005,0.0
U0328,logout,2023-06-05 00:06:00,P005,0.0
U0095,profile_update,2023-06-02 11:58:00,P025,0.0
U0256,logout,2023-06-05 12:22:00,P030,0.0
U0249,search,2023-06-02 19:09:00,P001,0.0
U0112,profile_update,2023-06-01 19:50:00,P002,0.0
U0152,login,2023-06-04 03:01:00,P023,0.0
U0322,checkout,2023-06-05 10:09:00,P007,2509.06
U0338,checkout,2023-06-01 14:29:00,P021,1685.89
U0276,logout,2023-06-04 16:03:00,P015,0.0
U0277,search,2023-06-03 11:35:00,P015,0.0
U0075,login,2023-06-06 14:40:00,P015,0.0
U0217,search,2023-06-05 11:24:00,P026,0.0
U0074,profile_update,2023-06-01 09:21:00,P020,0.0
U0226,profile_update,2023-06-04 19:36:00,P030,0.0
U0208,profile_update,2023-06-04 20:00:00,P008,0.0
U0126,checkout,2023-06-02 23:09:00,P027,
U0269,add_to_cart,2023-06-05 12:22:00,P001,
U0025,logout,2023-06-03 11:22:00,P005,0.0
U0345,add_to_cart,2023-06-04 04:17:00,P007,
U0251,wishlist_add,2023-06-01 20:54:00,P020,0.0
U0349,logout,2023-06-03 20:37:00,P003,0.0
U0251,checkout,2023-06-02 19:04:00,P001,
U0278,checkout,2023-06-03 05:38:00,P007,
U0356,profile_update,2023-06-03 17:34:00,P018,0.0
U0309,profile_update,2023-06-06 02:00:00,P012,0.0
U0036,page_view,2023-06-04 20:16:00,P018,0.0
U0034,wishlist_add,2023-06-04 10:28:00,P020,0.0
U0103,wishlist_add,2023-06-03 22:30:00,P001,0.0
U0060,wishlist_add,2023-06-06 00:20:00,P008,0.0
U0216,page_view,2023-06-02 02:21:00,P024,0.0
U0232,add_to_cart,2023-06-02 14:24:00,P005,2324.55
U0207,wishlist_add,2023-06-02 19:09:00,P019,0.0
U0045,page_view,2023-06-06 01:22:00,P021,0.0
U0266,login,2023-06-01 09:30:00,P011,0.0
U0389,checkout,2023-06-03 06:10:00,P025,348.03
U0328,wishlist_add,2023-06-05 05:05:00,P027,0.0
U0148,add_to_cart,2023-06-02 11:06:00,P027,2737.7
U0393,wishlist_add,2023-06-06 07:32:00,P017,0.0
U0166,checkout,2023-06-06 05:36:00,P010,
U0348,add_to_cart,2023-06-02 02:01:00,P026,
U0200,add_to_cart,2023-06-02 20:02:00,P001,
U0233,wishlist_add,2023-06-03 13:37:00,P027,0.0
U0301,add_to_cart,2023-06-03 07:16:00,P001,
U0322,checkout,2023-06-06 17:55:00,P020,1446.76
U0211,search,2023-06-06 03:02:00,P020,0.0
U0110,logout,2023-06-03 20:00:00,P014,0.0
U0087,page_view,2023-06-02 06:47:00,P022,0.0
U0063,login,2023-06-06 19:06:00,P008,0.0
U0164,checkout,2023-06-06 16:15:00,P006,
U0278,page_view,2023-06-06 11:13:00,P024,0.0
U0260,checkout,2023-06-06 11:00:00,P012,2006.3
U0198,page_view,2023-06-02 19:18:00,P016,0.0
U0174,logout,2023-06-02 04:32:00,P003,0.0
U0291,search,2023-06-03 15:56:00,P019,0.0
U0013,wishlist_add,2023-06-04 04:58:00,P027,0.0
U0227,profile_update,2023-06-02 10:11:00,P012,0.0
U0039,checkout,2023-06-02 13:08:00,P004,
U0188,checkout,2023-06-03 18:55:00,P007,
U0024,logout,2023-06-03 05:30:00,P023,0.0
U0010,add_to_cart,2023-06-02 06:07:00,P001,
U0286,wishlist_add,2023-06-06 08:00:00,P007,0.0
U0389,add_to_cart,2023-06-04 16:48:00,P003,2735.86
U0145,profile_update,2023-06-05 16:15:00,P011,0.0
U0195,login,2023-06-05 11:32:00,P027,0.0
U0132,add_to_cart,2023-06-01 14:53:00,P009,
U0032,search,2023-06-02 12:11:00,P029,0.0
U0009,page_view,2023-06-02 21:02:00,P009,0.0
U0363,profile_update,2023-06-02 16:02:00,P022,0.0
U0019,page_view,2023-06-06 14:23:00,P008,0.0
U0154,checkout,2023-06-03 10:12:00,P001,632.71
U0077,login,2023-06-03 07:59:00,P012,0.0
U0124,profile_update,2023-06-05 20:13:00,P006,0.0
U0284,checkout,2023-06-02 10:06:00,P013,
U0200,login,2023-06-05 10:48:00,P030,0.0
U0056,search,2023-06-02 15:45:00,P001,0.0
U0234,search,2023-06-04 08:23:00,P016,0.0
U0377,page_view,2023-06-05 01:59:00,P005,0.0
U0190,search,2023-06-06 09:36:00,P028,0.0
U0032,page_view,2023-06-06 00:18:00,P014,0.0
U0058,checkout,2023-06-03 23:34:00,P027,1105.04
U0203,add_to_cart,2023-06-05 22:12:00,P027,2951.47
U0105,page_view,2023-06-04 12:34:00,P008,0.0
U0292,search,2023-06-03 20:14:00,P021,0.0
U0225,add_to_cart,2023-06-06 13:32:00,P024,
U0011,wishlist_add,2023-06-05 20:12:00,P028,0.0
U0167,search,2023-06-05 17:55:00,P023,0.0
U0286,logout,2023-06-02 03:50:00,P001,0.0
U0273,add_to_cart,2023-06-04 00:12:00,P005,
U0213,wishlist_add,2023-06-02 22:21:00,P006,0.0
U0266,wishlist_add,2023-06-05 10:17:00,P029,0.0
U0276,add_to_cart,2023-06-06 18:24:00,P024,1271.55
U0187,page_view,2023-06-05 12:36:00,P021,0.0
U0319,wishlist_add,2023-06-03 01:15:00,P025,0.0
U0340,wishlist_add,2023-06-05 19:28:00,P009,0.0
U0131,login,2023-06-04 08:03:00,P014,0.0
U0007,profile_update,2023-06-03 09:37:00,P009,0.0
U0202,login,2023-06-03 22:46:00,P003,0.0
U0157,checkout,2023-06-05 03:37:00,P002,1388.02
U0152,login,2023-06-02 17:46:00,P009,0.0
U0042,page_view,2023-06-02 05:39:00,P002,0.0
U0106,add_to_cart,2023-06-06 18:08:00,P005,
U0281,wishlist_add,2023-06-05 00:38:00,P009,0.0
U0088,page_view,2023-06-05 20:24:00,P003,0.0
U0271,logout,2023-06-02 02:12:00,P024,0.0
U0014,checkout,2023-06-06 00:19:00,P012,899.1
U0342,logout,2023-06-05 21:53:00,P029,0.0
U0203,wishlist_add,2023-06-04 00:56:00,P027,0.0
U0210,page_view,2023-06-02 04:34:00,P013,0.0
U0210,page_view,2023-06-06 02:07:00,P016,0.0
U0378,search,2023-06-03 11:13:00,P018,0.0
U0247,page_view,2023-06-05 13:22:00,P019,0.0
U0102,search,2023-06-05 08:55:00,P011,0.0
U0116,profile_update,2023-06-03 23:58:00,P024,0.0
U0047,wishlist_add,2023-06-02 19:30:00,P026,0.0
U0197,checkout,2023-06-01 23:32:00,P010,
U0010,search,2023-06-04 05:19:00,P016,0.0
U0065,checkout,2023-06-05 11:02:00,P020,
U0022,checkout,2023-06-03 03:19:00,P022,
U0126,wishlist_add,2023-06-03 16:10:00,P009,0.0
U0066,logout,2023-06-02 15:23:00,P006,0.0
U0384,profile_update,2023-06-06 00:31:00,P002,0.0
U0341,login,2023-06-05 14:21:00,P003,0.0
U0176,add_to_cart,2023-06-05 16:48:00,P029,2829.72
U0088,login,2023-06-03 08:47:00,P018,0.0
U0395,profile_update,2023-06-02 08:13:00,P024,0.0
U0278,add_to_cart,2023-06-03 04:40:00,P003,
U0128,wishlist_add,2023-06-03 11:07:00,P022,0.0
U0192,login,2023-06-06 04:46:00,P004,0.0
U0318,page_view,2023-06-05 04:23:00,P002,0.0
U0077,logout,2023-06-01 22:13:00,P005,0.0
U0370,profile_update,2023-06-05 03:21:00,P007,0.0
U0280,wishlist_add,2023-06-06 11:54:00,P006,0.0
U0081,wishlist_add,2023-06-06 08:29:00,P008,0.0
U0014,page_view,2023-06-05 01:52:00,P008,0.0
U0124,checkout,2023-06-06 05:55:00,P014,2809.84
U0008,login,2023-06-02 10:15:00,P002,0.0
U0090,logout,2023-06-01 20:10:00,P011,0.0
U0049,checkout,2023-06-01 14:41:00,P023,
U0040,profile_update,2023-06-06 12:18:00,P016,0.0
U0105,search,2023-06-04 17:36:00,P017,0.0
U0134,profile_update,2023-06-03 02:46:00,P017,0.0
U0249,profile_update,2023-06-03 05:40:00,P014,0.0
U0385,add_to_cart,2023-06-04 20:44:00,P016,
U0262,search,2023-06-01 18:47:00,P024,0.0
U0093,checkout,2023-06-01 14:18:00,P016,
U0319,logout,2023-06-03 20:32:00,P009,0.0
U0101,wishlist_add,2023-06-03 05:43:00,P030,0.0
U0372,checkout,2023-06-06 07:18:00,P019,1139.19
U0021,add_to_cart,2023-06-03 10:17:00,P025,2839.55
U0027,search,2023-06-01 23:08:00,P020,0.0
U0235,search,2023-06-03 22:39:00,P016,0.0
U0098,profile_update,2023-06-04 00:39:00,P030,0.0
U0289,search,2023-06-03 22:36:00,P005,0.0
U0190,login,2023-06-02 05:32:00,P008,0.0
U0307,login,2023-06-02 09:35:00,P001,0.0
U0244,checkout,2023-06-05 08:33:00,P005,
U0150,search,2023-06-02 03:29:00,P008,0.0
U0104,login,2023-06-06 09:35:00,P007,0.0
U0209,search,2023-06-06 13:11:00,P030,0.0
U0368,login,2023-06-04 14:51:00,P021,0.0
U0071,profile_update,2023-06-04 10:53:00,P022,0.0
U0323,logout,2023-06-01 08:04:00,P001,0.0
U0313,profile_update,2023-06-03 22:35:00,P023,0.0
U0187,profile_update,2023-06-01 11:54:00,P016,0.0
U0383,page_view,2023-06-02 14:38:00,P023,0.0
U0159,search,2023-06-03 03:41:00,P008,0.0
U0117,login,2023-06-05 08:10:00,P020,0.0
U0261,checkout,2023-06-02 01:49:00,P028,
U0017,profile_update,2023-06-03 05:08:00,P012,0.0
U0094,wishlist_add,2023-06-05 22:37:00,P007,0.0
U0010,search,2023-06-06 13:00:00,P002,0.0
U0046,checkout,2023-06-02 20:34:00,P006,
U0163,profile_update,2023-06-02 02:48:00,P012,0.0
U0145,login,2023-06-06 01:53:00,P027,0.0
U0002,login,2023-06-01 16:53:00,P007,0.0
U0257,search,2023-06-02 05:36:00,P003,0.0
U0012,profile_update,2023-06-02 06:35:00,P029,0.0
U0015,wishlist_add,2023-06-03 08:52:00,P004,0.0
U0238,add_to_cart,2023-06-01 14:15:00,P016,2647.73
U0346,login,2023-06-06 08:03:00,P006,0.0
U0098,checkout,2023-06-02 03:54:00,P017,2561.65
U0123,page_view,2023-06-03 06:37:00,P027,0.0
U0204,checkout,2023-06-06 10:48:00,P028,
U0113,page_view,2023-06-01 08:22:00,P005,0.0
U0307,profile_update,2023-06-05 04:35:00,P015,0.0
U0153,logout,2023-06-04 12:18:00,P027,0.0
U0121,wishlist_add,2023-06-06 11:15:00,P023,0.0
U0242,page_view,2023-06-06 06:46:00,P003,0.0
U0255,page_view,2023-06-01 17:48:00,P002,0.0
U0026,logout,2023-06-04 07:20:00,P010,0.0
U0050,page_view,2023-06-01 21:13:00,P017,0.0
U0039,logout,2023-06-05 19:47:00,P029,0.0
U0019,profile_update,2023-06-04 21:00:00,P029,0.0
U0085,login,2023-06-01 23:36:00,P007,0.0
U0308,checkout,2023-06-02 05:03:00,P009,2631.23
U0400,logout,2023-06-01 16:43:00,P027,0.0
U0122,profile_update,2023-06-06 13:54:00,P010,0.0
U0193,page_view,2023-06-01 11:35:00,P003,0.0
U0148,page_view,2023-06-03 14:41:00,P013,0.0
U0113,add_to_cart,2023-06-06 06:33:00,P022,1614.1
U0151,add_to_cart,2023-06-03 09:56:00,P002,
U0231,checkout,2023-06-04 04:56:00,P018,
U0040,add_to_cart,2023-06-01 18:44:00,P026,
U0209,wishlist_add,2023-06-04 05:08:00,P029,0.0
U0232,add_to_cart,2023-06-03 07:32:00,P028,
U0301,page_view,2023-06-02 09:33:00,P013,0.0
U0288,search,2023-06-04 09:17:00,P010,0.0
U0291,search,2023-06-03 15:58:00,P011,0.0
U0331,add_to_cart,2023-06-04 05:07:00,P017,1096.12
U0090,checkout,2023-06-03 17:45:00,P013,
U0230,login,2023-06-04 06:47:00,P008,0.0
U0292,profile_update,2023-06-04 05:30:00,P028,0.0
U0280,add_to_cart,2023-06-02 18:56:00,P001,917.03
U0099,add_to_cart,2023-06-05 11:06:00,P024,
U0250,wishlist_add,2023-06-04 00:24:00,P024,0.0
U0304,add_to_cart,2023-06-04 21:23:00,P024,
U0357,wishlist_add,2023-06-06 12:26:00,P004,0.0
U0341,login,2023-06-02 02:23:00,P027,0.0
U0317,add_to_cart,2023-06-06 07:22:00,P023,
U0400,search,2023-06-05 03:12:00,P010,0.0
U0017,checkout,2023-06-02 02:31:00,P016,
U0357,wishlist_add,2023-06-05 04:55:00,P025,0.0
U0326,login,2023-06-03 09:30:00,P030,0.0
U0108,search,2023-06-06 08:26:00,P026,0.0
U0269,login,2023-06-04 00:36:00,P013,0.0
U0339,add_to_cart,2023-06-04 07:39:00,P006,147.36
U0216,logout,2023-06-02 09:11:00,P017,0.0
U0351,login,2023-06-01 08:33:00,P027,0.0
U0279,checkout,2023-06-04 22:54:00,P022,
U0238,logout,2023-06-04 04:34:00,P022,0.0
U0054,login,2023-06-05 03:16:00,P006,0.0
U0080,login,2023-06-04 16:50:00,P027,0.0
U0388,add_to_cart,2023-06-05 11:07:00,P006,1772.55
U0384,logout,2023-06-01 14:23:00,P011,0.0
U0282,checkout,2023-06-03 16:51:00,P022,656.72
U0042,checkout,2023-06-06 07:20:00,P022,
U0280,add_to_cart,2023-06-06 10:27:00,P005,
U0098,checkout,2023-06-03 21:26:00,P026,
U0246,profile_update,2023-06-05 12:06:00,P003,0.0
U0310,profile_update,2023-06-05 10:53:00,P009,0.0
U0280,login,2023-06-05 20:15:00,P002,0.0
U0199,page_view,2023-06-06 16:47:00,P014,0.0
U0269,page_view,2023-06-02 13:44:00,P024,0.0
U0282,wishlist_add,2023-06-02 02:42:00,P025,0.0
U0141,profile_update,2023-06-04 12:17:00,P027,0.0
U0362,checkout,2023-06-06 01:52:00,P024,
U0396,add_to_cart,2023-06-02 03:42:00,P015,1051.67
U0173,wishlist_add,2023-06-05 09:41:00,P029,0.0
U0045,login,2023-06-02 10:50:00,P010,0.0
U0324,login,2023-06-01 17:50:00,P028,0.0
U0046,checkout,2023-06-03 07:55:00,P019,2773.79
U0007,search,2023-06-04 10:42:00,P019,0.0
U0320,page_view,2023-06-02 22:44:00,P007,0.0
U0227,page_view,2023-06-04 07:10:00,P006,0.0
U0307,wishlist_add,2023-06-02 22:46:00,P012,0.0
U0337,login,2023-06-05 05:32:00,P009,0.0
U0066,page_view,2023-06-03 14:00:00,P015,0.0
U0336,profile_update,2023-06-05 04:11:00,P023,0.0
U0010,search,2023-06-06 11:55:00,P004,0.0
U0116,add_to_cart,2023-06-02 13:27:00,P009,2677.38
U0019,login,2023-06-03 10:12:00,P029,0.0
U0039,wishlist_add,2023-06-05 19:15:00,P003,0.0
U0361,logout,2023-06-03 15:43:00,P013,0.0
U0212,search,2023-06-06 10:33:00,P026,0.0
U0260,wishlist_add,2023-06-03 13:14:00,P024,0.0
U0294,login,2023-06-05 12:01:00,P014,0.0
U0033,search,2023-06-05 06:41:00,P030,0.0
U0382,wishlist_add,2023-06-02 10:16:00,P028,0.0
U0326,wishlist_add,2023-06-05 22:05:00,P002,0.0
U0206,login,2023-06-03 01:54:00,P015,0.0
U0360,logout,2023-06-05 20:01:00,P014,0.0
U0235,page_view,2023-06-01 19:46:00,P011,0.0
U0012,search,2023-06-05 19:14:00,P027,0.0
U0101,search,2023-06-03 17:19:00,P010,0.0
U0096,logout,2023-06-04 11:08:00,P025,0.0
U0070,checkout,2023-06-01 13:49:00,P030,
U0392,page_view,2023-06-01 16:28:00,P018,0.0
U0385,page_view,2023-06-04 15:55:00,P025,0.0
U0034,logout,2023-06-01 19:47:00,P009,0.0
U0316,wishlist_add,2023-06-02 03:34:00,P016,0.0
U0370,add_to_cart,2023-06-05 16:38:00,P027,
U0050,search,2023-06-05 09:32:00,P024,0.0
U0217,search,2023-06-05 00:19:00,P018,0.0
U0054,page_view,2023-06-05 04:49:00,P006,0.0
U0364,wishlist_add,2023-06-03 20:23:00,P029,0.0
U0383,checkout,2023-06-01 17:12:00,P014,238.02
U0329,page_view,2023-06-01 11:16:00,P018,0.0
U0238,search,2023-06-01 14:05:00,P021,0.0
U0156,search,2023-06-03 16:06:00,P007,0.0
U0165,checkout,2023-06-06 17:46:00,P028,125.36
U0045,profile_update,2023-06-04 08:28:00,P030,0.0
U0302,login,2023-06-01 17:41:00,P003,0.0
U0297,wishlist_add,2023-06-04 10:26:00,P008,0.0
U0331,search,2023-06-02 20:50:00,P007,0.0
U0379,page_view,2023-06-04 13:05:00,P010,0.0
U0248,logout,2023-06-06 16:16:00,P014,0.0
U0142,checkout,2023-06-01 17:31:00,P027,
U0142,login,2023-06-01 09:54:00,P009,0.0
U0192,profile_update,2023-06-02 13:45:00,P018,0.0
U0008,logout,2023-06-06 17:27:00,P007,0.0
U0030,login,2023-06-06 03:52:00,P028,0.0
U0393,search,2023-06-05 02:21:00,P020,0.0
U0161,login,2023-06-05 19:51:00,P007,0.0
U0211,search,2023-06-05 05:09:00,P017,0.0
U0308,login,2023-06-05 13:15:00,P006,0.0
U0350,logout,2023-06-06 14:29:00,P027,0.0
U0195,add_to_cart,2023-06-05 04:45:00,P009,
U0081,search,2023-06-04 09:06:00,P015,0.0
U0093,profile_update,2023-06-04 15:01:00,P007,0.0
U0203,logout,2023-06-04 10:28:00,P023,0.0
U0291,profile_update,2023-06-06 14:57:00,P007,0.0
U0036,add_to_cart,2023-06-02 13:56:00,P010,2294.73
U0019,checkout,2023-06-04 11:40:00,P022,2149.41
U0373,checkout,2023-06-01 19:56:00,P001,
U0099,page_view,2023-06-06 18:16:00,P001,0.0
U0334,checkout,2023-06-05 07:27:00,P025,
U0105,page_view,2023-06-03 23:36:00,P015,0.0
U0303,login,2023-06-05 13:12:00,P006,0.0
U0366,login,2023-06-04 17:08:00,P016,0.0
U0155,wishlist_add,2023-06-03 15:39:00,P007,0.0
U0272,profile_update,2023-06-03 01:45:00,P009,0.0
U0075,add_to_cart,2023-06-02 00:20:00,P020,885.17
U0012,checkout,2023-06-04 21:51:00,P017,2935.34
U0335,login,2023-06-04 08:00:00,P030,0.0
U0382,logout,2023-06-05 10:15:00,P019,0.0
U0343,search,2023-06-05 15:02:00,P011,0.0
U0064,profile_update,2023-06-02 02:59:00,P025,0.0
U0007,page_view,2023-06-02 14:06:00,P011,0.0
U0182,search,2023-06-06 10:19:00,P026,0.0
U0385,page_view,2023-06-05 06:38:00,P010,0.0
U0143,wishlist_add,2023-06-05 15:08:00,P028,0.0
U0367,wishlist_add,2023-06-02 23:39:00,P017,0.0
U0036,wishlist_add,2023-06-03 05:50:00,P008,0.0
U0118,search,2023-06-04 07:09:00,P004,0.0
U0042,search,2023-06-04 10:26:00,P008,0.0
U0066,login,2023-06-06 08:58:00,P024,0.0
U0132,page_view,2023-06-04 18:04:00,P009,0.0
U0124,search,2023-06-02 19:39:00,P007,0.0
U0102,login,2023-06-01 11:25:00,P009,0.0
U0273,add_to_cart,2023-06-01 23:14:00,P021,2111.26
U0176,search,2023-06-06 19:36:00,P010,0.0
U0018,checkout,2023-06-04 20:58:00,P007,1204.46
U0204,login,2023-06-05 17:50:00,P025,0.0
U0029,checkout,2023-06-02 14:08:00,P011,1766.85
U0368,wishlist_add,2023-06-05 20:44:00,P010,0.0
U0099,checkout,2023-06-01 12:38:00,P011,1269.79
U0155,page_view,2023-06-05 02:22:00,P018,0.0
U0055,checkout,2023-06-05 12:24:00,P011,349.99
U0388,profile_update,2023-06-01 10:37:00,P012,0.0
U0024,wishlist_add,2023-06-05 08:18:00,P018,0.0
U0313,profile_update,2023-06-03 09:29:00,P022,0.0
U0318,checkout,2023-06-06 00:48:00,P004,
U0395,logout,2023-06-03 07:35:00,P021,0.0
U0382,checkout,2023-06-04 16:38:00,P015,2928.35
U0156,add_to_cart,2023-06-03 03:09:00,P003,
U0194,checkout,2023-06-04 05:35:00,P021,
U0123,profile_update,2023-06-04 01:08:00,P013,0.0
U0359,wishlist_add,2023-06-02 12:27:00,P018,0.0
U0129,profile_update,2023-06-01 12:18:00,P009,0.0
U0293,profile_update,2023-06-03 21:26:00,P013,0.0
U0342,login,2023-06-02 23:14:00,P003,0.0
U0299,add_to_cart,2023-06-03 18:23:00,P027,
U0240,page_view,2023-06-02 07:41:00,P008,0.0
U0061,checkout,2023-06-05 11:29:00,P030,
U0177,profile_update,2023-06-06 13:14:00,P029,0.0
U0041,add_to_cart,2023-06-05 11:34:00,P006,1224.35
U0227,profile_update,2023-06-05 03:48:00,P019,0.0
U0223,search,2023-06-06 17:14:00,P007,0.0
U0059,wishlist_add,2023-06-04 04:33:00,P027,0.0
U0180,checkout,2023-06-02 20:40:00,P013,
U0256,add_to_cart,2023-06-05 09:04:00,P025,2589.5
U0178,add_to_cart,2023-06-02 06:02:00,P014,2160.46
U0342,checkout,2023-06-03 19:44:00,P013,2196.49
U0065,wishlist_add,2023-06-05 00:11:00,P028,0.0
U0164,page_view,2023-06-05 13:34:00,P015,0.0
U0191,wishlist_add,2023-06-06 02:51:00,P011,0.0
U0198,profile_update,2023-06-02 06:05:00,P006,0.0
U0223,checkout,2023-06-02 20:02:00,P021,
U0160,wishlist_add,2023-06-02 09:55:00,P006,0.0
U0023,logout,2023-06-06 08:50:00,P012,0.0
U0267,profile_update,2023-06-02 05:22:00,P030,0.0
U0347,add_to_cart,2023-06-06 09:55:00,P005,
U0070,search,2023-06-06 05:34:00,P020,0.0
U0121,add_to_cart,2023-06-01 16:12:00,P018,
U0201,search,2023-06-02 17:29:00,P002,0.0
U0104,page_view,2023-06-04 15:28:00,P008,0.0
U0127,page_view,2023-06-05 11:40:00,P030,0.0
U0149,search,2023-06-05 18:15:00,P010,0.0
U0043,wishlist_add,2023-06-04 10:28:00,P013,0.0
U0115,add_to_cart,2023-06-05 04:21:00,P005,2361.07
U0178,page_view,2023-06-06 11:25:00,P011,0.0
U0105,profile_update,2023-06-03 08:49:00,P014,0.0
U0078,add_to_cart,2023-06-03 17:13:00,P011,2743.28
U0268,search,2023-06-05 16:34:00,P011,0.0
U0313,add_to_cart,2023-06-04 04:09:00,P014,
U0280,wishlist_add,2023-06-01 18:01:00,P023,0.0
U0152,page_view,2023-06-03 00:23:00,P027,0.0
U0361,search,2023-06-03 02:59:00,P012,0.0
U0365,wishlist_add,2023-06-02 10:14:00,P019,0.0
U0189,add_to_cart,2023-06-03 23:27:00,P001,
U0050,login,2023-06-01 13:47:00,P011,0.0
U0067,search,2023-06-01 18:43:00,P026,0.0
U0253,search,2023-06-05 06:44:00,P016,0.0
U0141,logout,2023-06-06 04:28:00,P015,0.0
U0053,logout,2023-06-05 23:29:00,P010,0.0
U0239,search,2023-06-01 15:46:00,P030,0.0
U0366,logout,2023-06-04 07:36:00,P005,0.0
U0122,add_to_cart,2023-06-05 18:05:00,P024,1507.99
U0185,login,2023-06-01 16:00:00,P019,0.0
U0302,login,2023-06-03 19:33:00,P013,0.0
U0279,page_view,2023-06-02 00:31:00,P026,0.0
U0278,page_view,2023-06-02 21:03:00,P004,0.0
U0395,login,2023-06-02 00:41:00,P030,0.0
U0148,login,2023-06-02 13:46:00,P015,0.0
U0156,wishlist_add,2023-06-04 17:14:00,P024,0.0
U0368,add_to_cart,2023-06-06 12:25:00,P001,2237.22
U0319,add_to_cart,2023-06-05 00:52:00,P010,1075.83
U0188,login,2023-06-02 04:41:00,P030,0.0
U0023,add_to_cart,2023-06-04 08:03:00,P030,1900.62
U0278,add_to_cart,2023-06-02 02:29:00,P010,
U0078,checkout,2023-06-04 21:31:00,P025,594.83
U0312,login,2023-06-02 01:08:00,P017,0.0
U0154,wishlist_add,2023-06-02 06:13:00,P020,0.0
U0368,login,2023-06-03 11:31:00,P017,0.0
U0088,search,2023-06-05 09:32:00,P017,0.0
U0024,search,2023-06-02 11:00:00,P008,0.0
U0025,login,2023-06-05 12:40:00,P030,0.0
U0194,add_to_cart,2023-06-01 15:42:00,P028,
U0138,profile_update,2023-06-01 17:16:00,P014,0.0
U0107,checkout,2023-06-06 02:44:00,P030,
U0189,wishlist_add,2023-06-02 00:13:00,P030,0.0
U0130,add_to_cart,2023-06-04 22:51:00,P025,
U0063,profile_update,2023-06-06 19:41:00,P017,0.0
U0227,logout,2023-06-06 08:31:00,P030,0.0
U0198,page_view,2023-06-03 00:22:00,P001,0.0
U0090,add_to_cart,2023-06-02 09:59:00,P011,
U0126,checkout,2023-06-04 03:53:00,P011,188.77
U0080,search,2023-06-02 22:25:00,P013,0.0
U0238,profile_update,2023-06-04 06:42:00,P028,0.0
U0191,logout,2023-06-03 11:43:00,P026,0.0
U0331,add_to_cart,2023-06-06 02:22:00,P012,
U0133,checkout,2023-06-03 05:07:00,P024,1913.72
U0243,login,2023-06-05 06:19:00,P012,0.0
U0161,profile_update,2023-06-06 15:05:00,P001,0.0
U0096,page_view,2023-06-04 00:47:00,P017,0.0
U0304,profile_update,2023-06-05 01:00:00,P012,0.0
U0003,profile_update,2023-06-05 12:58:00,P005,0.0
U0095,add_to_cart,2023-06-05 23:39:00,P004,
U0349,add_to_cart,2023-06-02 10:17:00,P002,
U0132,checkout,2023-06-03 21:28:00,P016,2025.29
U0008,logout,2023-06-04 15:45:00,P021,0.0
U0346,login,2023-06-06 02:08:00,P019,0.0
U0140,profile_update,2023-06-06 10:49:00,P009,0.0
U0373,search,2023-06-02 10:38:00,P028,0.0
U0224,profile_update,2023-06-05 02:11:00,P017,0.0
U0039,page_view,2023-06-04 18:24:00,P021,0.0
U0270,search,2023-06-06 01:57:00,P018,0.0
U0104,logout,2023-06-06 19:36:00,P008,0.0
U0128,page_view,2023-06-05 02:22:00,P014,0.0
U0382,logout,2023-06-03 00:46:00,P023,0.0
U0278,search,2023-06-04 20:04:00,P021,0.0
U0081,wishlist_add,2023-06-03 02:51:00,P026,0.0
U0084,logout,2023-06-02 15:10:00,P018,0.0
U0232,logout,2023-06-01 19:22:00,P013,0.0
U0132,wishlist_add,2023-06-02 03:24:00,P013,0.0
U0194,add_to_cart,2023-06-06 02:53:00,P017,
U0079,page_view,2023-06-05 16:45:00,P013,0.0
U0098,add_to_cart,2023-06-04 02:50:00,P027,223.63
U0317,logout,2023-06-03 02:39:00,P019,0.0
U0092,wishlist_add,2023-06-05 23:56:00,P027,0.0
U0071,profile_update,2023-06-02 06:07:00,P006,0.0
U0275,logout,2023-06-04 06:04:00,P014,0.0
U0215,logout,2023-06-04 17:55:00,P021,0.0
U0281,logout,2023-06-05 13:02:00,P001,0.0
U0030,logout,2023-06-06 19:34:00,P022,0.0
U0114,profile_update,2023-06-03 21:35:00,P005,0.0
U0194,search,2023-06-01 20:54:00,P007,0.0
U0305,wishlist_add,2023-06-03 20:11:00,P006,0.0
U0243,add_to_cart,2023-06-06 08:54:00,P020,402.91
U0048,add_to_cart,2023-06-06 07:17:00,P024,
U0143,checkout,2023-06-06 00:40:00,P021,
U0315,checkout,2023-06-02 16:36:00,P005,2021.23
U0292,checkout,2023-06-03 04:38:00,P017,1207.6
U0195,page_view,2023-06-05 14:05:00,P015,0.0
U0181,profile_update,2023-06-04 11:47:00,P026,0.0
U0289,wishlist_add,2023-06-01 08:28:00,P017,0.0
U0253,checkout,2023-06-06 14:20:00,P004,
U0265,profile_update,2023-06-06 08:50:00,P001,0.0
U0111,logout,2023-06-05 17:33:00,P028,0.0
U0207,profile_update,2023-06-05 04:57:00,P003,0.0
U0215,wishlist_add,2023-06-04 09:25:00,P015,0.0
U0207,add_to_cart,2023-06-06 05:33:00,P010,1031.94
U0386,profile_update,2023-06-04 21:05:00,P022,0.0
U0293,checkout,2023-06-04 23:02:00,P010,
U0279,checkout,2023-06-06 02:28:00,P007,
U0118,profile_update,2023-06-02 01:27:00,P004,0.0
U0236,add_to_cart,2023-06-01 11:49:00,P001,
U0392,logout,2023-06-05 22:30:00,P022,0.0
U0068,login,2023-06-06 13:15:00,P010,0.0
U0229,profile_update,2023-06-03 00:28:00,P003,0.0
U0298,add_to_cart,2023-06-05 18:43:00,P020,2928.89
U0160,checkout,2023-06-04 08:25:00,P006,
U0170,page_view,2023-06-06 15:04:00,P020,0.0
U0074,profile_update,2023-06-05 12:48:00,P003,0.0
U0372,wishlist_add,2023-06-01 12:47:00,P027,0.0
U0033,logout,2023-06-04 23:15:00,P002,0.0
U0366,login,2023-06-04 14:07:00,P017,0.0
U0350,login,2023-06-04 21:45:00,P019,0.0
U0247,add_to_cart,2023-06-06 02:06:00,P025,
U0376,wishlist_add,2023-06-02 08:13:00,P025,0.0
U0347,page_view,2023-06-05 01:00:00,P005,0.0
U0186,page_view,2023-06-03 17:04:00,P023,0.0
U0276,add_to_cart,2023-06-05 08:30:00,P014,
U0076,profile_update,2023-06-06 13:05:00,P021,0.0
U0222,login,2023-06-03 05:59:00,P003,0.0
U0243,profile_update,2023-06-06 11:08:00,P006,0.0
U0239,checkout,2023-06-02 15:38:00,P030,
U0241,login,2023-06-02 21:19:00,P003,0.0
U0066,logout,2023-06-04 14:23:00,P026,0.0
U0038,search,2023-06-03 15:19:00,P030,0.0
U0106,checkout,2023-06-01 14:55:00,P004,748.52
U0103,add_to_cart,2023-06-02 21:35:00,P027,
U0272,profile_update,2023-06-06 11:49:00,P027,0.0
U0090,search,2023-06-04 02:52:00,P007,0.0
U0321,profile_update,2023-06-03 18:37:00,P008,0.0
U0238,add_to_cart,2023-06-03 02:39:00,P015,
U0317,page_view,2023-06-02 08:08:00,P018,0.0
U0376,add_to_cart,2023-06-04 15:48:00,P019,2925.51
U0216,search,2023-06-01 17:38:00,P014,0.0
U0200,checkout,2023-06-01 20:14:00,P021,2299.88
U0355,search,2023-06-06 13:59:00,P022,0.0
U0202,search,2023-06-04 07:54:00,P015,0.0
U0155,logout,2023-06-03 14:19:00,P022,0.0
U0152,search,2023-06-02 05:54:00,P023,0.0
U0214,page_view,2023-06-05 12:57:00,P010,0.0
U0308,checkout,2023-06-04 09:07:00,P014,1737.31
U0051,page_view,2023-06-01 15:48:00,P018,0.0
U0107,login,2023-06-06 06:13:00,P003,0.0
U0046,profile_update,2023-06-03 19:35:00,P019,0.0
U0087,profile_update,2023-06-06 12:02:00,P006,0.0
U0162,profile_update,2023-06-04 06:41:00,P012,0.0
U0024,login,2023-06-04 21:06:00,P021,0.0
U0122,logout,2023-06-04 08:51:00,P009,0.0
U0125,login,2023-06-04 06:35:00,P011,0.0
U0117,add_to_cart,2023-06-04 21:29:00,P022,
U0128,checkout,2023-06-04 06:36:00,P024,876.93
U0289,page_view,2023-06-05 19:57:00,P017,0.0
U0214,add_to_cart,2023-06-06 10:28:00,P002,
U0202,login,2023-06-04 09:21:00,P025,0.0
U0040,login,2023-06-04 15:34:00,P003,0.0
U0304,checkout,2023-06-04 01:30:00,P010,
U0022,profile_update,2023-06-01 09:08:00,P028,0.0
U0010,profile_update,2023-06-05 23:11:00,P009,0.0
U0383,profile_update,2023-06-01 22:14:00,P030,0.0
U0372,wishlist_add,2023-06-01 20:22:00,P015,0.0
U0200,search,2023-06-06 08:15:00,P015,0.0
U0309,checkout,2023-06-03 01:42:00,P025,
U0136,login,2023-06-04 07:56:00,P003,0.0
U0358,checkout,2023-06-03 19:48:00,P016,2844.49
U0111,login,2023-06-03 20:57:00,P017,0.0
U0106,logout,2023-06-06 02:53:00,P021,0.0
U0327,login,2023-06-06 00:18:00,P024,0.0
U0014,search,2023-06-02 18:01:00,P015,0.0
U0306,checkout,2023-06-03 03:22:00,P009,
U0073,search,2023-06-04 18:31:00,P009,0.0
U0128,page_view,2023-06-05 04:43:00,P021,0.0
U0303,add_to_cart,2023-06-01 14:46:00,P002,
U0041,checkout,2023-06-05 21:54:00,P008,
U0180,add_to_cart,2023-06-03 13:13:00,P016,
U0282,login,2023-06-03 07:34:00,P017,0.0
U0206,checkout,2023-06-05 09:34:00,P028,
U0132,page_view,2023-06-04 07:25:00,P024,0.0
U0130,wishlist_add,2023-06-06 08:31:00,P006,0.0
U0291,logout,2023-06-03 19:59:00,P023,0.0
U0092,checkout,2023-06-02 07:42:00,P013,
U0269,search,2023-06-05 03:44:00,P026,0.0
U0039,wishlist_add,2023-06-03 05:34:00,P003,0.0
U0277,profile_update,2023-06-04 21:48:00,P002,0.0
U0383,add_to_cart,2023-06-06 03:53:00,P011,2181.61
U0195,page_view,2023-06-06 02:48:00,P007,0.0
U0167,page_view,2023-06-02 08:08:00,P025,0.0
U0276,page_view,2023-06-02 15:43:00,P026,0.0
U0265,checkout,2023-06-03 03:50:00,P018,
U0264,checkout,2023-06-01 22:54:00,P006,
U0087,login,2023-06-06 14:31:00,P008,0.0
U0221,checkout,2023-06-02 20:37:00,P021,
U0005,logout,2023-06-01 18:23:00,P010,0.0
U0155,checkout,2023-06-02 01:52:00,P006,
U0012,add_to_cart,2023-06-03 20:05:00,P030,
U0355,login,2023-06-02 04:25:00,P020,0.0
U0010,checkout,2023-06-05 13:03:00,P009,
U0218,page_view,2023-06-05 18:05:00,P027,0.0
U0122,checkout,2023-06-04 12:20:00,P030,1162.42
U0186,page_view,2023-06-03 21:53:00,P022,0.0
U0114,page_view,2023-06-03 10:53:00,P008,0.0
U0023,checkout,2023-06-03 13:09:00,P015,
U0212,logout,2023-06-03 14:37:00,P011,0.0
U0183,search,2023-06-03 06:47:00,P020,0.0
U0183,page_view,2023-06-02 18:17:00,P019,0.0
U0158,page_view,2023-06-03 11:12:00,P027,0.0
U0078,add_to_cart,2023-06-05 00:23:00,P020,2931.22
U0282,add_to_cart,2023-06-05 14:04:00,P023,2115.55
U0203,checkout,2023-06-06 03:15:00,P027,2031.44
U0079,search,2023-06-01 23:50:00,P005,0.0
U0017,page_view,2023-06-06 02:46:00,P014,0.0
U0001,login,2023-06-01 15:28:00,P007,0.0
U0236,page_view,2023-06-03 16:13:00,P027,0.0
U0359,page_view,2023-06-04 16:25:00,P006,0.0
U0283,profile_update,2023-06-06 07:53:00,P004,0.0
U0274,search,2023-06-05 16:14:00,P011,0.0
U0222,add_to_cart,2023-06-05 20:20:00,P008,1614.3
U0354,page_view,2023-06-04 19:11:00,P021,0.0
U0122,page_view,2023-06-04 04:35:00,P005,0.0
U0376,search,2023-06-03 21:17:00,P022,0.0
U0241,wishlist_add,2023-06-06 18:15:00,P008,0.0
U0267,add_to_cart,2023-06-05 03:40:00,P014,
U0393,logout,2023-06-02 23:05:00,P025,0.0
U0010,search,2023-06-03 11:48:00,P026,0.0
U0202,login,2023-06-05 10:50:00,P018,0.0
U0077,checkout,2023-06-06 01:49:00,P018,315.52
U0186,profile_update,2023-06-05 16:27:00,P024,0.0
U0277,page_view,2023-06-02 14:09:00,P003,0.0
U0129,profile_update,2023-06-05 15:12:00,P026,0.0
U0056,logout,2023-06-01 17:39:00,P011,0.0
U0026,logout,2023-06-05 01:16:00,P030,0.0
U0247,logout,2023-06-04 14:56:00,P010,0.0
U0160,login,2023-06-03 10:54:00,P026,0.0
U0275,login,2023-06-02 19:03:00,P009,0.0
U0102,wishlist_add,2023-06-01 12:21:00,P002,0.0
U0304,add_to_cart,2023-06-04 17:03:00,P005,
U0220,search,2023-06-03 19:42:00,P005,0.0
U0392,checkout,2023-06-05 20:35:00,P021,531.23
U0049,logout,2023-06-04 08:45:00,P011,0.0
U0018,wishlist_add,2023-06-04 07:28:00,P011,0.0
U0181,profile_update,2023-06-05 17:59:00,P020,0.0
U0187,checkout,2023-06-03 03:00:00,P016,810.87
U0016,login,2023-06-03 14:51:00,P027,0.0
U0042,checkout,2023-06-04 04:39:00,P023,
U0376,search,2023-06-05 12:21:00,P017,0.0
U0206,checkout,2023-06-06 14:20:00,P015,
U0326,logout,2023-06-03 20:10:00,P018,0.0
U0259,profile_update,2023-06-01 09:02:00,P024,0.0
U0239,wishlist_add,2023-06-02 17:31:00,P010,0.0
U0141,page_view,2023-06-05 00:46:00,P029,0.0
U0259,wishlist_add,2023-06-04 23:27:00,P014,0.0
U0165,profile_update,2023-06-04 02:11:00,P023,0.0
U0055,login,2023-06-05 06:28:00,P019,0.0
U0124,checkout,2023-06-01 19:47:00,P010,426.66
U0099,wishlist_add,2023-06-04 08:04:00,P011,0.0
U0123,search,2023-06-04 02:51:00,P012,0.0
U0372,login,2023-06-06 13:31:00,P022,0.0
U0362,login,2023-06-02 13:55:00,P022,0.0
U0033,login,2023-06-02 03:53:00,P023,0.0
U0365,search,2023-06-06 09:53:00,P018,0.0
U0049,checkout,2023-06-05 13:40:00,P030,1105.33
U0241,wishlist_add,2023-06-06 14:55:00,P009,0.0
U0397,logout,2023-06-04 20:02:00,P015,0.0
U0317,wishlist_add,2023-06-06 10:14:00,P002,0.0
U0145,checkout,2023-06-03 10:31:00,P021,
U0039,profile_update,2023-06-03 02:01:00,P007,0.0
U0099,profile_update,2023-06-02 02:25:00,P024,0.0
U0177,add_to_cart,2023-06-01 21:14:00,P019,2202.38
U0037,add_to_cart,2023-06-04 16:39:00,P009,783.3
U0347,wishlist_add,2023-06-03 09:47:00,P004,0.0
U0241,search,2023-06-05 20:29:00,P022,0.0
U0023,profile_update,2023-06-01 11:54:00,P020,0.0
U0172,login,2023-06-06 12:26:00,P029,0.0
U0251,wishlist_add,2023-06-05 15:41:00,P025,0.0
U0115,search,2023-06-04 12:56:00,P027,0.0
U0286,login,2023-06-06 09:48:00,P023,0.0
U0380,checkout,2023-06-03 07:12:00,P015,905.4
U0347,login,2023-06-02 13:49:00,P011,0.0
U0066,login,2023-06-05 19:47:00,P016,0.0
U0246,profile_update,2023-06-04 07:49:00,P012,0.0
U0327,checkout,2023-06-03 13:41:00,P016,
U0002,page_view,2023-06-06 11:26:00,P026,0.0
U0284,profile_update,2023-06-03 17:36:00,P005,0.0
U0291,wishlist_add,2023-06-03 19:00:00,P004,0.0
U0034,checkout,2023-06-04 02:44:00,P025,2387.37
U0004,logout,2023-06-03 23:36:00,P003,0.0
U0123,page_view,2023-06-06 12:39:00,P020,0.0
U0258,page_view,2023-06-02 11:04:00,P026,0.0
U0339,checkout,2023-06-04 08:33:00,P027,
U0359,add_to_cart,2023-06-01 17:08:00,P004,
U0061,wishlist_add,2023-06-02 02:09:00,P008,0.0
U0124,search,2023-06-03 05:05:00,P030,0.0
U0389,logout,2023-06-05 06:07:00,P010,0.0
U0255,search,2023-06-05 15:29:00,P025,0.0
U0154,search,2023-06-06 07:03:00,P027,0.0
U0203,profile_update,2023-06-02 01:29:00,P004,0.0
U0256,wishlist_add,2023-06-01 08:28:00,P025,0.0
U0333,profile_update,2023-06-04 16:58:00,P030,0.0
U0250,search,2023-06-05 19:35:00,P002,0.0
U0263,wishlist_add,2023-06-04 07:26:00,P024,0.0
U0133,login,2023-06-01 21:22:00,P030,0.0
U0021,page_view,2023-06-03 22:50:00,P012,0.0
U0172,page_view,2023-06-05 20:41:00,P018,0.0
U0326,add_to_cart,2023-06-01 17:13:00,P014,
U0162,add_to_cart,2023-06-03 02:02:00,P013,267.61
U0107,add_to_cart,2023-06-02 06:29:00,P024,
U0115,add_to_cart,2023-06-02 21:50:00,P024,1728.67
U0331,page_view,2023-06-03 05:33:00,P015,0.0
U0358,login,2023-06-04 10:11:00,P003,0.0
U0231,login,2023-06-04 21:39:00,P030,0.0
U0348,add_to_cart,2023-06-03 11:21:00,P019,
U0033,checkout,2023-06-03 02:32:00,P004,150.67
U0348,add_to_cart,2023-06-01 12:00:00,P005,
U0197,login,2023-06-04 13:40:00,P026,0.0
U0395,page_view,2023-06-04 13:36:00,P003,0.0
U0355,checkout,2023-06-02 18:05:00,P003,
U0325,login,2023-06-03 07:49:00,P002,0.0
U0073,login,2023-06-02 15:25:00,P014,0.0
U0073,search,2023-06-03 16:14:00,P008,0.0
U0332,search,2023-06-05 23:47:00,P001,0.0
U0101,add_to_cart,2023-06-03 14:57:00,P016,2965.77
U0293,wishlist_add,2023-06-04 16:56:00,P027,0.0
U0387,logout,2023-06-04 02:34:00,P028,0.0
U0085,profile_update,2023-06-05 12:31:00,P017,0.0
U0182,logout,2023-06-06 15:20:00,P024,0.0
U0255,checkout,2023-06-06 12:43:00,P005,934.18
U0142,add_to_cart,2023-06-04 03:45:00,P030,
U0207,checkout,2023-06-01 16:40:00,P024,1329.61
U0098,add_to_cart,2023-06-05 05:57:00,P005,100.19
U0327,checkout,2023-06-02 03:03:00,P010,
U0171,search,2023-06-04 23:33:00,P017,0.0
U0346,wishlist_add,2023-06-03 06:22:00,P005,0.0
U0253,login,2023-06-06 05:24:00,P006,0.0
U0300,profile_update,2023-06-05 20:03:00,P009,0.0
U0106,search,2023-06-06 16:03:00,P001,0.0
U0006,wishlist_add,2023-06-06 08:52:00,P020,0.0
U0150,wishlist_add,2023-06-04 22:38:00,P025,0.0
U0336,wishlist_add,2023-06-03 08:39:00,P018,0.0
U0237,checkout,2023-06-04 16:55:00,P022,
U0010,checkout,2023-06-05 10:50:00,P006,
U0071,add_to_cart,2023-06-05 16:18:00,P022,
U0286,profile_update,2023-06-06 03:18:00,P024,0.0
U0040,profile_update,2023-06-05 01:09:00,P012,0.0
U0059,search,2023-06-05 22:40:00,P029,0.0
U0260,profile_update,2023-06-05 06:12:00,P009,0.0
U0238,checkout,2023-06-04 22:29:00,P018,
U0112,logout,2023-06-04 13:10:00,P018,0.0
U0072,wishlist_add,2023-06-02 12:58:00,P004,0.0
U0333,logout,2023-06-02 07:30:00,P007,0.0
U0283,page_view,2023-06-04 19:08:00,P011,0.0
U0343,profile_update,2023-06-03 07:03:00,P028,0.0
U0059,logout,2023-06-04 00:27:00,P025,0.0
U0012,logout,2023-06-01 21:42:00,P030,0.0
U0041,login,2023-06-04 12:23:00,P030,0.0
U0309,checkout,2023-06-02 16:43:00,P030,2320.72
U0250,page_view,2023-06-03 01:13:00,P020,0.0
U0214,checkout,2023-06-01 20:42:00,P023,
U0141,page_view,2023-06-04 11:26:00,P017,0.0
U0089,profile_update,2023-06-01 11:54:00,P009,0.0
U0026,profile_update,2023-06-03 17:54:00,P023,0.0
U0031,profile_update,2023-06-02 09:02:00,P011,0.0
U0400,search,2023-06-01 15:07:00,P010,0.0
U0156,checkout,2023-06-05 15:01:00,P024,1033.82
U0393,login,2023-06-03 22:16:00,P026,0.0
U0160,wishlist_add,2023-06-04 08:33:00,P001,0.0
U0371,wishlist_add,2023-06-03 09:51:00,P003,0.0
U0119,login,2023-06-02 08:20:00,P030,0.0
U0080,search,2023-06-05 04:39:00,P005,0.0
U0359,add_to_cart,2023-06-05 03:18:00,P015,2593.36
U0336,add_to_cart,2023-06-03 15:01:00,P015,1173.76
U0285,add_to_cart,2023-06-05 09:32:00,P019,
U0025,checkout,2023-06-03 21:29:00,P029,1891.32
U0310,profile_update,2023-06-02 23:16:00,P015,0.0
U0156,add_to_cart,2023-06-02 13:50:00,P023,
U0271,checkout,2023-06-05 02:29:00,P004,1497.62
U0210,page_view,2023-06-01 22:34:00,P003,0.0
U0347,checkout,2023-06-01 11:52:00,P025,
U0051,add_to_cart,2023-06-03 09:37:00,P027,1243.11
U0392,page_view,2023-06-04 22:44:00,P013,0.0
U0288,page_view,2023-06-06 05:49:00,P027,0.0
U0182,page_view,2023-06-03 14:28:00,P012,0.0
U0072,add_to_cart,2023-06-04 01:38:00,P005,1004.24
U0125,search,2023-06-02 16:37:00,P004,0.0
U0293,search,2023-06-01 09:42:00,P015,0.0
U0297,add_to_cart,2023-06-02 22:51:00,P019,
U0186,wishlist_add,2023-06-05 09:17:00,P002,0.0
U0302,wishlist_add,2023-06-03 11:56:00,P012,0.0
U0181,wishlist_add,2023-06-02 17:03:00,P016,0.0
U0051,logout,2023-06-05 13:41:00,P011,0.0
U0096,wishlist_add,2023-06-04 03:04:00,P006,0.0
U0205,search,2023-06-03 16:14:00,P012,0.0
U0233,page_view,2023-06-04 21:12:00,P013,0.0
U0265,search,2023-06-05 12:08:00,P005,0.0
U0331,wishlist_add,2023-06-02 10:05:00,P004,0.0
U0200,logout,2023-06-01 13:06:00,P010,0.0
U0266,logout,2023-06-03 06:30:00,P012,0.0
U0109,page_view,2023-06-01 22:58:00,P005,0.0
U0055,profile_update,2023-06-04 15:15:00,P017,0.0
U0354,wishlist_add,2023-06-03 22:15:00,P020,0.0
U0319,profile_update,2023-06-02 15:40:00,P004,0.0
U0257,add_to_cart,2023-06-05 15:12:00,P015,
U0302,page_view,2023-06-05 19:43:00,P011,0.0
U0315,login,2023-06-03 16:37:00,P011,0.0
U0049,page_view,2023-06-04 09:34:00,P019,0.0
U0063,wishlist_add,2023-06-05 19:47:00,P028,0.0
U0210,add_to_cart,2023-06-01 12:41:00,P011,
U0033,page_view,2023-06-04 06:03:00,P005,0.0
U0076,wishlist_add,2023-06-05 16:51:00,P001,0.0
U0058,add_to_cart,2023-06-06 19:02:00,P005,
U0080,logout,2023-06-06 15:11:00,P008,0.0
U0220,search,2023-06-05 08:29:00,P030,0.0
U0302,logout,2023-06-05 21:33:00,P026,0.0
U0324,wishlist_add,2023-06-04 06:55:00,P017,0.0
U0261,logout,2023-06-03 04:17:00,P016,0.0
U0018,add_to_cart,2023-06-02 12:38:00,P007,
U0282,wishlist_add,2023-06-01 08:02:00,P015,0.0
U0322,wishlist_add,2023-06-03 16:38:00,P020,0.0
U0329,logout,2023-06-02 10:26:00,P005,0.0
U0053,add_to_cart,2023-06-02 23:44:00,P027,1826.71
U0204,checkout,2023-06-03 16:29:00,P030,2361.96
U0190,page_view,2023-06-05 00:47:00,P013,0.0
U0286,page_view,2023-06-02 06:32:00,P004,0.0
U0151,add_to_cart,2023-06-04 08:25:00,P029,2143.31
U0231,profile_update,2023-06-01 16:01:00,P011,0.0
U0353,checkout,2023-06-03 04:57:00,P016,987.46
U0252,login,2023-06-06 12:57:00,P019,0.0
U0098,wishlist_add,2023-06-04 21:09:00,P027,0.0
U0175,profile_update,2023-06-03 14:34:00,P012,0.0
U0192,wishlist_add,2023-06-02 22:57:00,P009,0.0
U0014,checkout,2023-06-03 11:49:00,P010,2775.84
U0177,page_view,2023-06-04 21:32:00,P009,0.0
U0354,search,2023-06-02 14:00:00,P006,0.0
U0310,page_view,2023-06-06 19:11:00,P012,0.0
U0007,profile_update,2023-06-01 22:41:00,P001,0.0
U0246,checkout,2023-06-03 03:06:00,P024,
U0032,page_view,2023-06-06 05:05:00,P025,0.0
U0067,checkout,2023-06-01 22:13:00,P003,
U0069,add_to_cart,2023-06-03 05:02:00,P012,
U0251,add_to_cart,2023-06-04 20:58:00,P010,
U0222,profile_update,2023-06-03 19:39:00,P025,0.0
U0098,checkout,2023-06-01 09:00:00,P023,
U0224,login,2023-06-04 05:25:00,P024,0.0
U0059,wishlist_add,2023-06-01 21:32:00,P005,0.0
U0128,profile_update,2023-06-01 16:44:00,P003,0.0
U0123,login,2023-06-01 19:15:00,P013,0.0
U0070,wishlist_add,2023-06-05 17:36:00,P017,0.0
U0117,logout,2023-06-04 13:07:00,P017,0.0
U0298,search,2023-06-04 05:54:00,P021,0.0
U0179,add_to_cart,2023-06-04 13:13:00,P006,
U0149,login,2023-06-04 17:28:00,P028,0.0
U0185,search,2023-06-02 18:55:00,P004,0.0
U0103,search,2023-06-03 16:48:00,P010,0.0
U0119,logout,2023-06-05 20:45:00,P010,0.0
U0348,profile_update,2023-06-02 09:49:00,P015,0.0
U0299,profile_update,2023-06-06 04:43:00,P008,0.0
U0240,checkout,2023-06-02 06:34:00,P018,1214.68
U0335,profile_update,2023-06-03 13:11:00,P017,0.0
U0126,search,2023-06-04 13:44:00,P021,0.0
U0202,add_to_cart,2023-06-01 18:43:00,P015,581.28
U0378,wishlist_add,2023-06-05 07:27:00,P017,0.0
U0078,search,2023-06-05 22:44:00,P007,0.0
U0136,search,2023-06-05 09:21:00,P016,0.0
U0384,login,2023-06-02 21:14:00,P017,0.0
U0350,wishlist_add,2023-06-03 14:48:00,P014,0.0
U0010,wishlist_add,2023-06-05 14:28:00,P002,0.0
U0095,wishlist_add,2023-06-06 09:12:00,P007,0.0
U0026,add_to_cart,2023-06-05 10:12:00,P022,2757.26
U0347,page_view,2023-06-06 17:10:00,P010,0.0
U0237,checkout,2023-06-03 06:21:00,P026,
U0014,logout,2023-06-04 12:02:00,P013,0.0
U0340,profile_update,2023-06-01 14:39:00,P023,0.0
U0089,profile_update,2023-06-05 02:38:00,P020,0.0
U0092,add_to_cart,2023-06-06 08:43:00,P011,675.81
U0355,profile_update,2023-06-04 16:42:00,P012,0.0
U0390,search,2023-06-02 19:18:00,P020,0.0
U0098,profile_update,2023-06-01 18:43:00,P002,0.0
U0044,logout,2023-06-01 08:22:00,P003,0.0
U0222,profile_update,2023-06-06 17:55:00,P016,0.0
U0293,profile_update,2023-06-04 01:45:00,P008,0.0
U0304,search,2023-06-01 20:12:00,P009,0.0
U0221,checkout,2023-06-05 02:29:00,P004,
U0365,login,2023-06-06 18:37:00,P027,0.0
U0003,checkout,2023-06-06 05:14:00,P020,
U0050,login,2023-06-05 08:18:00,P018,0.0
U0199,login,2023-06-05 02:15:00,P024,0.0
U0084,login,2023-06-02 02:03:00,P027,0.0
U0105,profile_update,2023-06-02 18:11:00,P014,0.0
U0136,add_to_cart,2023-06-05 17:57:00,P027,1111.3
U0250,wishlist_add,2023-06-05 06:50:00,P020,0.0
U0194,add_to_cart,2023-06-04 04:01:00,P029,
U0212,search,2023-06-04 16:09:00,P024,0.0
U0309,logout,2023-06-03 22:52:00,P012,0.0
U0280,login,2023-06-04 12:35:00,P025,0.0
U0117,checkout,2023-06-02 08:39:00,P022,
U0254,add_to_cart,2023-06-01 19:45:00,P015,
U0323,page_view,2023-06-03 15:20:00,P016,0.0
U0209,login,2023-06-05 09:44:00,P018,0.0
U0097,logout,2023-06-05 11:43:00,P020,0.0
U0279,login,2023-06-06 06:10:00,P021,0.0
U0279,checkout,2023-06-03 09:11:00,P003,
U0101,add_to_cart,2023-06-03 20:43:00,P010,1581.19
U0357,logout,2023-06-05 19:15:00,P018,0.0
U0023,login,2023-06-06 02:17:00,P014,0.0
U0277,add_to_cart,2023-06-04 14:28:00,P014,
U0311,page_view,2023-06-02 01:30:00,P030,0.0
U0351,logout,2023-06-06 04:43:00,P005,0.0
U0395,search,2023-06-05 22:45:00,P010,0.0
U0395,page_view,2023-06-03 03:13:00,P004,0.0
U0387,add_to_cart,2023-06-03 11:22:00,P008,
U0348,logout,2023-06-04 00:01:00,P021,0.0
U0176,page_view,2023-06-01 22:50:00,P017,0.0
U0129,page_view,2023-06-03 14:14:00,P006,0.0
U0013,page_view,2023-06-03 19:13:00,P010,0.0
U0241,wishlist_add,2023-06-04 22:40:00,P005,0.0
U0375,login,2023-06-02 11:10:00,P022,0.0
U0284,checkout,2023-06-02 14:04:00,P010,
U0301,login,2023-06-04 03:54:00,P004,0.0
U0361,profile_update,2023-06-05 20:25:00,P019,0.0
U0315,checkout,2023-06-03 22:54:00,P007,
U0122,login,2023-06-05 17:41:00,P003,0.0
U0111,login,2023-06-05 18:58:00,P017,0.0
U0193,login,2023-06-02 01:56:00,P030,0.0
U0171,add_to_cart,2023-06-04 19:02:00,P004,
U0086,login,2023-06-04 07:01:00,P020,0.0
U0225,page_view,2023-06-03 00:41:00,P014,0.0
U0099,wishlist_add,2023-06-05 15:25:00,P026,0.0
U0009,login,2023-06-01 22:51:00,P009,0.0
U0337,profile_update,2023-06-03 00:10:00,P028,0.0
U0266,page_view,2023-06-02 07:27:00,P021,0.0
U0182,search,2023-06-04 02:38:00,P020,0.0
U0069,logout,2023-06-01 11:46:00,P025,0.0
U0313,add_to_cart,2023-06-04 18:28:00,P025,
U0356,add_to_cart,2023-06-04 17:35:00,P002,
U0228,wishlist_add,2023-06-01 12:50:00,P027,0.0
U0007,login,2023-06-01 15:44:00,P002,0.0
U0353,login,2023-06-03 19:26:00,P027,0.0
U0173,logout,2023-06-05 11:53:00,P010,0.0
U0253,add_to_cart,2023-06-04 10:00:00,P017,2959.58
U0262,logout,2023-06-03 23:46:00,P025,0.0
U0220,wishlist_add,2023-06-02 23:22:00,P021,0.0
U0039,checkout,2023-06-01 20:17:00,P005,
U0154,logout,2023-06-03 21:47:00,P024,0.0
U0128,page_view,2023-06-05 14:40:00,P020,0.0
U0071,page_view,2023-06-06 18:34:00,P017,0.0
U0132,checkout,2023-06-05 11:41:00,P021,338.4
U0120,login,2023-06-02 22:47:00,P003,0.0
U0353,login,2023-06-04 02:02:00,P005,0.0
U0399,login,2023-06-03 07:03:00,P015,0.0
U0055,wishlist_add,2023-06-01 19:36:00,P030,0.0
U0314,logout,2023-06-05 07:00:00,P020,0.0
U0064,checkout,2023-06-04 06:42:00,P021,
U0111,logout,2023-06-04 00:32:00,P029,0.0
U0234,wishlist_add,2023-06-06 06:51:00,P010,0.0
U0185,page_view,2023-06-05 12:49:00,P015,0.0
U0138,page_view,2023-06-03 10:36:00,P014,0.0
U0152,checkout,2023-06-05 06:36:00,P025,2718.3
U0139,profile_update,2023-06-03 08:41:00,P016,0.0
U0321,logout,2023-06-01 10:53:00,P029,0.0
U0132,wishlist_add,2023-06-03 13:17:00,P025,0.0
U0236,wishlist_add,2023-06-04 11:11:00,P024,0.0
U0107,wishlist_add,2023-06-01 12:15:00,P020,0.0
U0097,profile_update,2023-06-03 11:23:00,P019,0.0
U0341,page_view,2023-06-04 16:32:00,P012,0.0
U0200,search,2023-06-02 04:11:00,P006,0.0
U0226,profile_update,2023-06-04 20:09:00,P020,0.0
U0311,page_view,2023-06-04 01:31:00,P014,0.0
U0279,wishlist_add,2023-06-06 11:00:00,P012,0.0
U0182,login,2023-06-04 02:48:00,P007,0.0
U0197,logout,2023-06-05 18:19:00,P006,0.0
U0031,wishlist_add,2023-06-04 20:41:00,P009,0.0
U0046,search,2023-06-04 16:43:00,P013,0.0
U0154,search,2023-06-02 03:39:00,P024,0.0
U0227,logout,2023-06-04 12:37:00,P022,0.0
U0281,wishlist_add,2023-06-05 17:58:00,P029,0.0
U0020,wishlist_add,2023-06-06 13:24:00,P018,0.0
U0273,login,2023-06-06 16:32:00,P006,0.0
U0303,logout,2023-06-01 21:00:00,P009,0.0
U0147,logout,2023-06-03 19:37:00,P008,0.0
U0289,login,2023-06-03 17:15:00,P011,0.0
U0067,wishlist_add,2023-06-05 12:38:00,P019,0.0
U0386,logout,2023-06-06 11:27:00,P014,0.0
U0184,add_to_cart,2023-06-03 15:17:00,P008,2978.52
U0293,profile_update,2023-06-01 08:06:00,P028,0.0
U0198,logout,2023-06-01 21:53:00,P022,0.0
U0324,profile_update,2023-06-04 02:52:00,P002,0.0
U0304,login,2023-06-04 03:20:00,P003,0.0
U0327,checkout,2023-06-05 21:44:00,P009,2952.07
U0326,login,2023-06-05 20:50:00,P021,0.0
U0174,search,2023-06-03 09:26:00,P009,0.0
U0220,page_view,2023-06-05 16:10:00,P013,0.0
U0100,page_view,2023-06-04 15:15:00,P005,0.0
U0125,logout,2023-06-03 08:58:00,P025,0.0
U0133,search,2023-06-04 18:03:00,P019,0.0
U0393,profile_update,2023-06-04 07:46:00,P018,0.0
U0031,add_to_cart,2023-06-02 23:27:00,P004,
U0314,logout,2023-06-05 17:38:00,P022,0.0
U0212,wishlist_add,2023-06-03 21:57:00,P011,0.0
U0058,logout,2023-06-01 21:37:00,P024,0.0
U0093,page_view,2023-06-02 09:53:00,P010,0.0
U0359,checkout,2023-06-05 22:18:00,P005,
U0101,add_to_cart,2023-06-05 02:19:00,P010,
U0006,profile_update,2023-06-01 13:42:00,P021,0.0
U0295,logout,2023-06-02 22:49:00,P030,0.0
U0068,wishlist_add,2023-06-05 03:41:00,P012,0.0
U0288,wishlist_add,2023-06-04 06:23:00,P026,0.0
U0195,checkout,2023-06-05 03:25:00,P003,2683.28
U0169,wishlist_add,2023-06-05 00:47:00,P012,0.0
U0312,login,2023-06-02 19:30:00,P022,0.0
U0086,profile_update,2023-06-06 03:49:00,P030,0.0
U0021,profile_update,2023-06-02 03:04:00,P021,0.0
U0167,checkout,2023-06-01 08:25:00,P002,
U0106,logout,2023-06-05 05:22:00,P028,0.0
U0215,profile_update,2023-06-03 13:00:00,P012,0.0
U0254,add_to_cart,2023-06-02 04:06:00,P028,
U0004,add_to_cart,2023-06-03 11:36:00,P013,1945.57
U0397,logout,2023-06-04 19:02:00,P008,0.0
U0188,search,2023-06-02 11:09:00,P018,0.0
U0308,login,2023-06-06 08:40:00,P022,0.0
U0307,logout,2023-06-04 20:53:00,P030,0.0
U0266,page_view,2023-06-05 22:06:00,P005,0.0
U0248,profile_update,2023-06-06 14:31:00,P021,0.0
U0350,search,2023-06-02 22:21:00,P007,0.0
U0396,search,2023-06-06 17:18:00,P021,0.0
U0174,page_view,2023-06-03 00:04:00,P027,0.0
U0310,checkout,2023-06-03 10:21:00,P028,1472.06
U0112,checkout,2023-06-06 08:24:00,P024,
U0126,search,2023-06-02 14:48:00,P018,0.0
U0041,add_to_cart,2023-06-04 04:09:00,P019,1062.97
U0361,profile_update,2023-06-03 18:41:00,P018,0.0
U0238,page_view,2023-06-02 03:20:00,P018,0.0
U0309,search,2023-06-02 04:34:00,P001,0.0
U0043,wishlist_add,2023-06-02 14:01:00,P030,0.0
U0323,search,2023-06-03 11:58:00,P016,0.0
U0265,checkout,2023-06-06 16:22:00,P025,354.47
U0227,search,2023-06-04 08:52:00,P022,0.0
U0318,login,2023-06-04 22:59:00,P012,0.0
U0089,checkout,2023-06-02 22:29:00,P007,
U0400,logout,2023-06-01 23:11:00,P004,0.0
U0252,wishlist_add,2023-06-04 04:44:00,P030,0.0
U0198,checkout,2023-06-02 06:06:00,P010,229.86
U0316,logout,2023-06-01 16:59:00,P011,0.0
U0328,profile_update,2023-06-04 06:55:00,P030,0.0
U0064,login,2023-06-02 11:07:00,P028,0.0
U0003,checkout,2023-06-01 18:49:00,P006,2371.12
U0122,checkout,2023-06-01 17:06:00,P009,
U0096,search,2023-06-06 04:38:00,P008,0.0
U0102,add_to_cart,2023-06-02 15:23:00,P004,2762.11
U0172,search,2023-06-04 03:02:00,P004,0.0
U0024,search,2023-06-05 03:16:00,P028,0.0
U0154,add_to_cart,2023-06-05 22:00:00,P006,
U0147,profile_update,2023-06-06 13:48:00,P018,0.0
U0258,checkout,2023-06-06 19:30:00,P006,1163.84
U0059,login,2023-06-02 01:45:00,P005,0.0
U0054,add_to_cart,2023-06-02 04:49:00,P021,
U0218,login,2023-06-05 19:54:00,P028,0.0
U0005,logout,2023-06-03 09:35:00,P006,0.0
U0045,logout,2023-06-03 14:19:00,P009,0.0
U0166,checkout,2023-06-06 19:04:00,P009,
U0289,add_to_cart,2023-06-05 09:05:00,P026,
U0338,search,2023-06-05 07:08:00,P004,0.0
U0029,logout,2023-06-05 18:13:00,P003,0.0
U0391,page_view,2023-06-03 19:54:00,P024,0.0
U0199,profile_update,2023-06-02 13:40:00,P026,0.0
U0130,add_to_cart,2023-06-05 08:54:00,P022,
U0047,profile_update,2023-06-03 06:57:00,P020,0.0
U0375,search,2023-06-05 20:55:00,P006,0.0
U0068,logout,2023-06-05 23:33:00,P019,0.0
U0042,login,2023-06-04 20:10:00,P017,0.0
U0335,checkout,2023-06-02 03:14:00,P011,
U0363,wishlist_add,2023-06-02 23:47:00,P026,0.0
U0062,login,2023-06-03 15:47:00,P015,0.0
U0266,login,2023-06-03 00:59:00,P014,0.0
U0328,login,2023-06-06 11:06:00,P018,0.0
U0155,add_to_cart,2023-06-02 20:59:00,P022,
U0289,checkout,2023-06-06 08:12:00,P016,2931.22
U0161,login,2023-06-02 08:36:00,P009,0.0
U0218,add_to_cart,2023-06-02 19:03:00,P014,1928.19
U0254,wishlist_add,2023-06-06 04:37:00,P004,0.0
U0265,search,2023-06-03 11:32:00,P006,0.0
U0328,wishlist_add,2023-06-04 05:40:00,P016,0.0
U0177,page_view,2023-06-01 23:58:00,P021,0.0
U0183,add_to_cart,2023-06-05 23:41:00,P018,
U0396,add_to_cart,2023-06-05 21:14:00,P013,716.61
U0108,profile_update,2023-06-05 12:19:00,P019,0.0
U0128,wishlist_add,2023-06-02 01:55:00,P024,0.0
U0170,wishlist_add,2023-06-03 01:01:00,P025,0.0
U0074,add_to_cart,2023-06-02 16:32:00,P021,
U0342,profile_update,2023-06-05 02:36:00,P023,0.0
U0223,search,2023-06-03 15:16:00,P007,0.0
U0033,profile_update,2023-06-03 14:04:00,P029,0.0
U0219,search,2023-06-06 06:47:00,P014,0.0
U0240,profile_update,2023-06-04 01:59:00,P023,0.0
U0256,profile_update,2023-06-04 12:07:00,P002,0.0
U0031,page_view,2023-06-04 05:42:00,P021,0.0
U0039,wishlist_add,2023-06-06 13:46:00,P013,0.0
U0221,checkout,2023-06-06 09:33:00,P027,1223.77
U0249,search,2023-06-04 22:27:00,P006,0.0
U0177,logout,2023-06-05 15:08:00,P023,0.0
U0082,wishlist_add,2023-06-04 16:54:00,P021,0.0
U0264,add_to_cart,2023-06-02 03:50:00,P030,1256.37
U0171,search,2023-06-04 04:36:00,P024,0.0
U0244,page_view,2023-06-06 18:35:00,P006,0.0
U0225,login,2023-06-06 08:59:00,P021,0.0
U0314,login,2023-06-02 08:25:00,P009,0.0
U0021,add_to_cart,2023-06-03 18:16:00,P011,2597.9
U0031,login,2023-06-03 08:23:00,P015,0.0
U0096,logout,2023-06-04 02:10:00,P015,0.0
U0310,logout,2023-06-04 22:12:00,P020,0.0
U0363,logout,2023-06-02 17:25:00,P027,0.0
U0363,login,2023-06-03 13:36:00,P029,0.0
U0264,login,2023-06-03 11:01:00,P014,0.0
U0333,logout,2023-06-02 19:13:00,P021,0.0
U0334,logout,2023-06-03 18:45:00,P008,0.0
U0057,login,2023-06-01 20:53:00,P028,0.0
U0269,add_to_cart,2023-06-04 09:07:00,P030,970.64
U0286,login,2023-06-06 16:03:00,P027,0.0
U0094,page_view,2023-06-05 12:22:00,P019,0.0
U0224,search,2023-06-03 22:15:00,P001,0.0
U0010,profile_update,2023-06-06 13:25:00,P008,0.0
U0286,logout,2023-06-01 10:18:00,P010,0.0
U0234,wishlist_add,2023-06-01 21:17:00,P026,0.0
U0008,search,2023-06-02 19:55:00,P005,0.0
U0207,page_view,2023-06-04 23:31:00,P016,0.0
U0141,page_view,2023-06-03 07:39:00,P029,0.0
U0153,page_view,2023-06-04 16:48:00,P005,0.0
U0388,checkout,2023-06-03 08:36:00,P017,
U0064,checkout,2023-06-03 05:35:00,P021,200.64
U0363,add_to_cart,2023-06-02 12:35:00,P029,1935.07
U0072,add_to_cart,2023-06-05 08:55:00,P014,
U0336,add_to_cart,2023-06-03 22:19:00,P023,
U0173,add_to_cart,2023-06-03 21:59:00,P013,
U0092,search,2023-06-04 07:53:00,P012,0.0
U0020,wishlist_add,2023-06-03 21:28:00,P013,0.0
U0387,add_to_cart,2023-06-06 19:38:00,P016,2891.19
U0326,add_to_cart,2023-06-06 17:08:00,P008,1639.71
U0274,login,2023-06-03 20:43:00,P007,0.0
U0192,logout,2023-06-05 06:13:00,P021,0.0
U0003,add_to_cart,2023-06-06 07:07:00,P012,
U0225,logout,2023-06-03 07:27:00,P021,0.0
U0025,search,2023-06-01 11:47:00,P024,0.0
U0385,profile_update,2023-06-05 19:19:00,P009,0.0
U0178,checkout,2023-06-03 19:41:00,P004,
U0283,page_view,2023-06-05 21:21:00,P025,0.0
U0214,checkout,2023-06-02 12:34:00,P013,715.52
U0119,login,2023-06-04 22:24:00,P021,0.0
U0049,search,2023-06-04 17:59:00,P021,0.0
U0194,profile_update,2023-06-02 15:42:00,P023,0.0
U0286,page_view,2023-06-06 10:16:00,P015,0.0
U0061,logout,2023-06-02 00:02:00,P021,0.0
U0062,add_to_cart,2023-06-04 18:10:00,P017,
U0347,wishlist_add,2023-06-01 16:07:00,P016,0.0
U0230,login,2023-06-05 19:02:00,P005,0.0
U0212,profile_update,2023-06-04 12:45:00,P001,0.0
U0129,add_to_cart,2023-06-02 14:57:00,P002,
U0308,search,2023-06-01 18:23:00,P005,0.0
U0237,search,2023-06-06 11:19:00,P020,0.0
U0016,wishlist_add,2023-06-01 11:35:00,P011,0.0
U0281,wishlist_add,2023-06-05 06:20:00,P001,0.0
U0098,profile_update,2023-06-05 13:44:00,P020,0.0
U0274,logout,2023-06-01 16:39:00,P016,0.0
U0026,profile_update,2023-06-03 00:45:00,P001,0.0
U0346,add_to_cart,2023-06-02 03:56:00,P016,
U0087,login,2023-06-04 02:35:00,P001,0.0
U0148,add_to_cart,2023-06-02 18:17:00,P011,1953.64
U0046,checkout,2023-06-02 19:05:00,P026,
U0013,page_view,2023-06-04 23:01:00,P026,0.0
U0326,add_to_cart,2023-06-02 06:50:00,P010,620.48
U0392,wishlist_add,2023-06-02 18:51:00,P023,0.0
U0172,profile_update,2023-06-05 14:33:00,P027,0.0
U0095,login,2023-06-02 20:56:00,P019,0.0
U0225,add_to_cart,2023-06-04 13:15:00,P022,
U0236,login,2023-06-06 02:11:00,P001,0.0
U0269,add_to_cart,2023-06-04 06:16:00,P010,
U0300,wishlist_add,2023-06-01 12:19:00,P015,0.0
U0188,add_to_cart,2023-06-06 02:01:00,P016,
U0131,add_to_cart,2023-06-01 16:55:00,P024,
U0274,login,2023-06-02 18:25:00,P018,0.0
U0396,profile_update,2023-06-01 12:33:00,P027,0.0
U0199,page_view,2023-06-04 16:19:00,P026,0.0
U0069,login,2023-06-06 14:22:00,P013,0.0
U0315,checkout,2023-06-04 22:21:00,P028,
U0168,checkout,2023-06-02 06:12:00,P023,2266.0
U0385,page_view,2023-06-04 10:26:00,P001,0.0
U0317,add_to_cart,2023-06-04 14:00:00,P012,
U0159,logout,2023-06-05 02:00:00,P007,0.0
U0221,page_view,2023-06-02 06:09:00,P018,0.0
U0262,logout,2023-06-04 00:22:00,P002,0.0
U0034,logout,2023-06-01 16:33:00,P020,0.0
U0078,checkout,2023-06-03 05:34:00,P027,2394.98
U0253,checkout,2023-06-03 05:56:00,P030,
U0157,profile_update,2023-06-05 10:30:00,P006,0.0
U0153,add_to_cart,2023-06-06 05:39:00,P029,1088.64
U0007,login,2023-06-05 12:50:00,P003,0.0
U0122,checkout,2023-06-04 17:10:00,P007,2749.51
U0117,checkout,2023-06-01 13:46:00,P011,370.37
U0222,search,2023-06-05 20:47:00,P018,0.0
U0337,logout,2023-06-01 13:28:00,P002,0.0
U0108,checkout,2023-06-04 03:16:00,P006,2876.98
U0079,login,2023-06-02 19:58:00,P027,0.0
U0106,search,2023-06-02 08:46:00,P003,0.0
U0113,page_view,2023-06-03 00:21:00,P005,0.0
U0166,add_to_cart,2023-06-06 01:04:00,P017,2986.18
U0321,page_view,2023-06-01 21:55:00,P004,0.0
U0101,wishlist_add,2023-06-04 14:48:00,P024,0.0
U0173,profile_update,2023-06-04 07:02:00,P029,0.0
U0271,login,2023-06-01 15:38:00,P003,0.0
U0066,profile_update,2023-06-04 20:59:00,P004,0.0
U0353,checkout,2023-06-03 04:20:00,P012,326.69
U0385,logout,2023-06-03 15:07:00,P012,0.0
U0161,login,2023-06-02 22:18:00,P028,0.0
U0077,add_to_cart,2023-06-05 11:26:00,P007,
U0079,login,2023-06-02 02:17:00,P029,0.0
U0291,wishlist_add,2023-06-02 18:43:00,P008,0.0
U0094,profile_update,2023-06-05 04:46:00,P022,0.0
U0152,checkout,2023-06-06 09:38:00,P016,
U0178,profile_update,2023-06-02 05:27:00,P017,0.0
U0391,page_view,2023-06-03 04:00:00,P026,0.0
U0033,page_view,2023-06-05 15:45:00,P026,0.0
U0254,checkout,2023-06-06 03:51:00,P011,2356.84
U0326,checkout,2023-06-01 12:14:00,P027,2924.43
U0172,logout,2023-06-03 09:08:00,P028,0.0
U0097,checkout,2023-06-05 15:57:00,P005,2035.15
U0222,logout,2023-06-05 10:11:00,P005,0.0
U0022,page_view,2023-06-05 23:36:00,P025,0.0
U0167,add_to_cart,2023-06-01 21:20:00,P009,
U0084,page_view,2023-06-01 22:53:00,P026,0.0
U0043,search,2023-06-04 08:22:00,P017,0.0
U0021,wishlist_add,2023-06-04 03:20:00,P028,0.0
U0182,login,2023-06-06 14:29:00,P019,0.0
U0294,search,2023-06-02 18:34:00,P025,0.0
U0361,logout,2023-06-05 09:53:00,P030,0.0
U0288,login,2023-06-04 11:31:00,P015,0.0
U0024,wishlist_add,2023-06-05 03:15:00,P013,0.0
U0133,wishlist_add,2023-06-03 23:25:00,P004,0.0
U0317,wishlist_add,2023-06-01 16:50:00,P012,0.0
U0192,logout,2023-06-02 18:00:00,P030,0.0
U0343,checkout,2023-06-02 22:53:00,P008,1312.67
U0242,checkout,2023-06-05 20:47:00,P001,345.62
U0250,login,2023-06-06 10:17:00,P008,0.0
U0309,wishlist_add,2023-06-01 08:21:00,P024,0.0
U0293,search,2023-06-05 22:48:00,P002,0.0
U0127,wishlist_add,2023-06-05 02:25:00,P015,0.0
U0400,search,2023-06-04 19:14:00,P017,0.0
U0367,checkout,2023-06-01 12:34:00,P015,
U0065,search,2023-06-06 00:40:00,P021,0.0
U0260,logout,2023-06-03 02:38:00,P007,0.0
U0377,add_to_cart,2023-06-05 03:38:00,P029,
U0023,wishlist_add,2023-06-02 13:37:00,P018,0.0
U0304,checkout,2023-06-05 08:10:00,P026,2278.08
U0003,wishlist_add,2023-06-05 19:31:00,P017,0.0
U0131,logout,2023-06-05 09:29:00,P021,0.0
U0003,wishlist_add,2023-06-06 12:48:00,P020,0.0
U0175,logout,2023-06-04 10:28:00,P022,0.0
U0064,page_view,2023-06-03 17:29:00,P008,0.0
U0017,page_view,2023-06-06 13:39:00,P006,0.0
U0319,wishlist_add,2023-06-03 10:40:00,P002,0.0
U0336,wishlist_add,2023-06-05 22:19:00,P004,0.0
U0083,search,2023-06-04 16:59:00,P027,0.0
U0387,search,2023-06-06 00:19:00,P015,0.0
U0312,page_view,2023-06-02 03:47:00,P008,0.0
U0274,wishlist_add,2023-06-03 20:13:00,P009,0.0
U0230,profile_update,2023-06-02 08:19:00,P004,0.0
U0078,page_view,2023-06-03 08:48:00,P024,0.0
U0212,search,2023-06-04 05:01:00,P024,0.0
U0107,login,2023-06-03 00:10:00,P018,0.0
U0036,search,2023-06-04 08:35:00,P007,0.0
U0360,wishlist_add,2023-06-06 08:01:00,P023,0.0
U0187,add_to_cart,2023-06-03 18:14:00,P020,1248.97
U0344,login,2023-06-04 00:35:00,P003,0.0
U0140,search,2023-06-06 18:35:00,P026,0.0
U0299,add_to_cart,2023-06-04 08:00:00,P006,
U0369,login,2023-06-01 09:00:00,P016,0.0
U0080,logout,2023-06-02 05:03:00,P001,0.0
U0125,checkout,2023-06-06 13:01:00,P013,
U0020,search,2023-06-06 09:39:00,P010,0.0
U0071,add_to_cart,2023-06-06 16:12:00,P027,2470.15
U0328,login,2023-06-02 07:12:00,P001,0.0
U0024,wishlist_add,2023-06-01 08:32:00,P016,0.0
U0294,login,2023-06-04 00:10:00,P014,0.0
U0022,login,2023-06-06 00:51:00,P016,0.0
U0152,login,2023-06-02 22:47:00,P001,0.0
U0001,search,2023-06-05 08:01:00,P011,0.0
U0154,add_to_cart,2023-06-03 13:35:00,P004,2314.23
U0093,checkout,2023-06-02 05:22:00,P019,2611.08
U0347,search,2023-06-02 05:41:00,P008,0.0
U0387,profile_update,2023-06-05 02:09:00,P005,0.0
U0014,search,2023-06-05 07:54:00,P021,0.0
U0313,page_view,2023-06-04 05:57:00,P001,0.0
U0020,profile_update,2023-06-05 08:01:00,P007,0.0
U0280,login,2023-06-03 06:08:00,P021,0.0
U0196,wishlist_add,2023-06-01 08:57:00,P023,0.0
U0236,logout,2023-06-02 03:03:00,P006,0.0
U0339,add_to_cart,2023-06-01 20:03:00,P021,2369.21
U0299,add_to_cart,2023-06-05 09:48:00,P013,1207.09
U0010,search,2023-06-03 03:23:00,P020,0.0
U0148,page_view,2023-06-04 03:28:00,P009,0.0
U0090,profile_update,2023-06-05 11:20:00,P002,0.0
U0393,checkout,2023-06-02 02:07:00,P004,
U0045,page_view,2023-06-04 18:01:00,P007,0.0
U0075,page_view,2023-06-03 12:38:00,P005,0.0
U0260,add_to_cart,2023-06-02 17:37:00,P007,811.63
U0305,wishlist_add,2023-06-04 03:04:00,P008,0.0
U0332,login,2023-06-02 02:08:00,P003,0.0
U0385,page_view,2023-06-04 09:57:00,P002,0.0
U0183,wishlist_add,2023-06-04 18:26:00,P006,0.0
U0261,login,2023-06-03 07:58:00,P023,0.0
U0359,logout,2023-06-02 06:16:00,P016,0.0
U0127,search,2023-06-01 09:10:00,P026,0.0
U0115,search,2023-06-06 08:34:00,P002,0.0
U0043,page_view,2023-06-04 22:44:00,P030,0.0
U0036,logout,2023-06-05 07:18:00,P029,0.0
U0043,login,2023-06-06 14:59:00,P023,0.0
U0318,profile_update,2023-06-02 22:07:00,P010,0.0
U0119,login,2023-06-05 18:00:00,P026,0.0
U0342,login,2023-06-04 23:02:00,P010,0.0
U0206,profile_update,2023-06-01 15:41:00,P009,0.0
U0187,page_view,2023-06-01 16:10:00,P009,0.0
U0210,profile_update,2023-06-03 17:25:00,P007,0.0
U0222,wishlist_add,2023-06-04 01:56:00,P008,0.0
U0237,checkout,2023-06-03 23:15:00,P018,
U0192,wishlist_add,2023-06-06 14:20:00,P002,0.0
U0290,logout,2023-06-06 02:24:00,P007,0.0
U0031,login,2023-06-03 05:44:00,P001,0.0
U0386,login,2023-06-05 19:53:00,P003,0.0
U0236,page_view,2023-06-05 06:33:00,P005,0.0
U0113,profile_update,2023-06-03 09:08:00,P015,0.0
U0034,profile_update,2023-06-04 02:17:00,P012,0.0
U0333,login,2023-06-03 01:54:00,P018,0.0
U0261,wishlist_add,2023-06-01 18:28:00,P021,0.0
U0041,profile_update,2023-06-06 15:58:00,P024,0.0
U0309,checkout,2023-06-01 19:15:00,P013,2614.28
U0260,profile_update,2023-06-02 17:14:00,P026,0.0
U0101,profile_update,2023-06-04 03:51:00,P017,0.0
U0119,search,2023-06-02 16:50:00,P025,0.0
U0384,profile_update,2023-06-03 19:11:00,P012,0.0
U0009,search,2023-06-06 12:01:00,P020,0.0
U0051,profile_update,2023-06-03 22:54:00,P023,0.0
U0373,page_view,2023-06-03 04:46:00,P030,0.0
U0356,search,2023-06-03 02:20:00,P020,0.0
U0300,add_to_cart,2023-06-02 22:31:00,P029,
U0354,checkout,2023-06-05 04:54:00,P009,
U0023,page_view,2023-06-02 05:47:00,P004,0.0
U0367,checkout,2023-06-05 03:26:00,P015,
U0048,logout,2023-06-02 13:23:00,P016,0.0
U0131,checkout,2023-06-01 23:19:00,P006,
U0080,profile_update,2023-06-02 21:16:00,P010,0.0
U0382,logout,2023-06-02 21:20:00,P021,0.0
U0276,add_to_cart,2023-06-03 18:37:00,P026,399.21
U0040,page_view,2023-06-02 11:58:00,P012,0.0
U0048,logout,2023-06-02 17:49:00,P018,0.0
U0287,page_view,2023-06-02 12:26:00,P017,0.0
U0233,checkout,2023-06-05 11:06:00,P025,
U0377,checkout,2023-06-03 07:57:00,P025,2821.12
U0292,search,2023-06-01 23:13:00,P019,0.0
U0286,search,2023-06-01 21:42:00,P028,0.0
U0212,search,2023-06-06 13:54:00,P008,0.0
U0028,checkout,2023-06-05 13:01:00,P022,
U0289,search,2023-06-04 19:13:00,P017,0.0
U0144,profile_update,2023-06-03 22:28:00,P021,0.0
U0348,page_view,2023-06-04 05:37:00,P001,0.0
U0333,wishlist_add,2023-06-03 19:23:00,P026,0.0
U0181,profile_update,2023-06-05 21:44:00,P023,0.0
U0242,logout,2023-06-04 17:15:00,P017,0.0
U0318,wishlist_add,2023-06-03 16:06:00,P011,0.0
U0223,checkout,2023-06-01 14:31:00,P015,1759.74
U0323,logout,2023-06-06 11:35:00,P013,0.0
U0276,profile_update,2023-06-03 08:14:00,P004,0.0
U0329,logout,2023-06-04 08:08:00,P002,0.0
U0351,search,2023-06-02 21:58:00,P017,0.0
U0179,search,2023-06-05 17:56:00,P030,0.0
U0339,add_to_cart,2023-06-04 20:11:00,P023,
U0030,wishlist_add,2023-06-02 12:19:00,P002,0.0
U0376,login,2023-06-06 09:30:00,P009,0.0
U0391,checkout,2023-06-04 14:50:00,P015,1687.7
U0400,login,2023-06-03 09:26:00,P003,0.0
U0163,logout,2023-06-02 17:04:00,P029,0.0
U0272,add_to_cart,2023-06-05 03:11:00,P002,728.84
U0164,wishlist_add,2023-06-06 17:53:00,P030,0.0
U0154,add_to_cart,2023-06-02 02:45:00,P021,
U0257,login,2023-06-05 17:07:00,P009,0.0
U0012,search,2023-06-05 20:28:00,P021,0.0
U0253,logout,2023-06-02 22:00:00,P007,0.0
U0222,page_view,2023-06-04 21:15:00,P030,0.0
U0257,checkout,2023-06-01 13:13:00,P002,
U0360,wishlist_add,2023-06-05 08:59:00,P001,0.0
U0036,checkout,2023-06-06 05:17:00,P002,
U0104,checkout,2023-06-05 11:14:00,P021,
U0116,checkout,2023-06-06 09:39:00,P004,2395.71
U0051,checkout,2023-06-03 09:42:00,P007,
U0324,add_to_cart,2023-06-05 09:50:00,P023,
U0361,add_to_cart,2023-06-04 18:07:00,P015,2389.34
U0304,add_to_cart,2023-06-06 01:14:00,P009,103.77
U0276,search,2023-06-04 02:23:00,P025,0.0
U0343,search,2023-06-03 06:41:00,P024,0.0
U0027,search,2023-06-04 13:53:00,P008,0.0
U0244,wishlist_add,2023-06-03 21:45:00,P017,0.0
